id,domain,status,purchase_price,renewal_price,attractiveness,demand,length,registrar,created_at,expires_at,status_verified_at
9f0ef111-0dfe-4c1d-b2c4-303a14cebe7b,fissure.asia,available,1.98,18.98,high,low,7,namecheap,,,13/08/2026 04:18
7ecb4e74-3eef-48bb-a8d5-0b90decb09ab,liegeman.asia,available,1.98,18.98,medium,low,8,namecheap,,,18/08/2026 03:05
c7dbc2e6-fb0c-4ca0-87cd-3043763379bd,pentium.asia,available,2.59,13.49,high,low,7,namesilo,,,
c8c05eac-d6cb-481c-9f49-6fce886c5fa5,leader.asia,resell,,,high,low,6,Porkbun LLC,12/12/2019 12:09,12/12/2026 12:09,26/09/2026 07:10
e8c8a90b-10eb-4ade-af1e-71ac1be425a9,oracular.asia,available,1.98,18.98,medium,low,8,namecheap,,,04/09/2026 17:12
2af82e87-e3a6-4a8e-8755-7b372e263c3b,tortuous.asia,available,1.98,18.98,medium,low,8,namecheap,,,11/09/2026 18:01
436b717f-4651-4234-810d-9454b42a98a3,maker.asia,available,2.79,13.49,high,medium,5,namesilo,,,22/09/2026 01:52
cefc239b-0e1e-46ed-828a-be2264f7723d,lawless.asia,available,1.98,18.98,medium,low,7,namecheap,,,
5ac8225e-4e47-469e-9592-2cb4d3122936,relish.asia,available,2.59,13.49,high,low,6,namesilo,,,
da2856e4-6f91-416a-97c6-f17ce0c12cbd,taiwanese.asia,available,1.98,18.98,high,low,9,namecheap,,,18/08/2026 12:14
10cae3a6-3b56-49e5-a9f4-dc840b201b2d,carbonara.asia,available,2.79,13.49,high,low,9,namesilo,,,24/09/2026 12:46
88baaf99-0fb5-4543-8263-3927c51c09d4,cycloid.asia,available,2.99,20.99,medium,low,7,name.com,,,13/08/2026 13:37
f6d053e2-f941-4584-b1b4-8cf954f28023,communal.asia,available,1.98,18.98,high,low,8,namecheap,,,23/09/2026 16:10
08cc24ca-9b8a-4b54-877c-4f7912298b78,toller.asia,available,2.79,13.49,medium,low,6,namesilo,,,23/09/2026 05:41
1d436550-2a35-4662-a379-d198f9e163df,flaccid.asia,available,1.98,18.98,medium,low,7,namecheap,,,18/08/2026 06:07
bcf045ef-2389-4182-a955-cd1f5089c807,swollen.asia,available,2.79,13.49,high,low,7,namesilo,,,23/09/2026 18:42
b35fe6d3-29fb-45bf-b914-454ae5d1c5f3,archosaur.asia,available,1.98,18.98,medium,low,9,namecheap,,,06/08/2026 15:57
b8f5b165-767a-4c30-a0c1-1455b5f8f284,charily.asia,available,1.98,18.98,medium,low,7,namecheap,,,14/09/2026 06:17
f54d51c3-d78b-4dbb-9014-6020614a0d47,uncovering.asia,available,1.98,18.98,medium,low,10,namecheap,,,22/09/2026 06:00
523dd643-bbd5-402d-9e36-c41acba9af6b,bawdyhouse.asia,available,1.98,18.98,medium,low,10,namecheap,,,21/09/2026 18:21
44e14818-81d2-47f3-bfbe-8db054b1f54f,passe.asia,available,1.98,18.98,medium,low,5,namecheap,,,14/08/2026 01:17
2c26a850-c1bd-4df6-85ae-f534e907b652,mistflower.asia,available,1.98,18.98,medium,low,10,namecheap,,,17/09/2026 17:17
c2366fab-b09d-44b0-babc-ef9d75f3dc39,pity.asia,available,2.79,13.49,high,low,4,namesilo,,,23/09/2026 16:56
da19c187-1f6a-4ca6-88be-f8c1c1f080d6,aloes.asia,available,2.79,13.49,medium,low,5,namesilo,,,18/09/2026 13:07
be7f7186-8b1b-4b38-9c27-87cc79bb993c,soprano.asia,available,1.98,18.98,high,low,7,namecheap,,,10/09/2026 14:24
4b2bd64d-6a35-45a3-b7f4-1cc4aa077406,areopagus.asia,available,2.79,13.49,medium,low,9,namesilo,,,20/09/2026 03:52
4cc2fb64-d1d6-4ba6-b5f5-e3a1c2d14f46,crackers.asia,available,1.98,18.98,medium,low,8,namecheap,,,06/08/2026 20:45
891c1a6b-7c48-4021-87ac-81af3c3cef62,clinical.asia,available,2.79,13.49,high,low,8,namesilo,,,25/09/2026 04:52
4330521f-8e0d-45ba-a3b8-b753fa6dfbf5,nonrandom.asia,available,1.98,18.98,medium,low,9,namecheap,,,03/09/2026 20:26
505ba533-29a4-4c2d-a3ca-0a1ab59f61ec,adversary.asia,available,2.79,13.49,medium,low,9,namesilo,,,17/09/2026 10:44
2c18c9f1-928f-4163-9f8b-40b16fc7bfa5,sift.asia,available,2.59,13.49,high,low,4,namesilo,,,
c48325be-7ef1-48ec-9257-eef6d3dd32d0,unquestionable.asia,available,2.99,,medium,low,14,name.com,,,
e6266d41-7966-47f5-9a0f-5430277749d1,remembrances.asia,available,2.79,13.49,medium,low,12,namesilo,,,19/09/2026 23:41
8701c113-4655-488b-867b-fa74835cb2e5,trigon.asia,available,1.98,18.98,high,low,6,namecheap,,,11/09/2026 19:46
2746a5ba-91af-45da-a89e-e6a25998ecdf,molal.asia,available,1.98,18.98,medium,low,5,namecheap,,,25/08/2026 03:31
979a0a76-bc83-40c8-90ad-94b76985def1,fancy.asia,resell,,,high,low,5,CSL Computer Service Langenbach GmbH d/b/a Joker.com,02/08/2008 11:01,02/08/2027 11:01,26/09/2026 06:00
a34bd532-6021-4499-9b28-f205661950ba,benton.asia,available,2.79,13.49,high,low,6,namesilo,,,25/09/2026 17:00
adcabdae-d188-499f-b1b9-cea5a9b75030,scarce.asia,available,1.98,18.98,medium,low,6,namecheap,,,09/09/2026 22:53
bf841b72-9cf1-41d4-989b-ed2092e18422,handbill.asia,available,1.98,18.98,medium,low,8,namecheap,,,11/08/2026 05:06
5b6d02ef-ef53-4466-9673-59a4b89b8324,classify.asia,available,2.79,13.49,high,low,8,namesilo,,,24/09/2026 15:20
a80d5dba-6bcb-426f-a7ba-20cdd18c5c90,tartaric.asia,available,1.98,18.98,medium,low,8,namecheap,,,11/09/2026 08:48
c1060eb8-ef0d-4c77-a20b-5f15a645d8d3,perforate.asia,available,1.98,18.98,high,low,9,namecheap,,,08/09/2026 16:54
e4f3c421-3519-4166-b56e-85b6283c1232,ackee.asia,available,2.79,13.49,medium,low,5,namesilo,,,17/09/2026 01:52
802d7a4e-5eca-4ba6-b70c-d27893e2e4f1,spick.asia,available,1.98,18.98,medium,low,5,namecheap,,,21/08/2026 20:46
1033ceac-12fb-4146-8306-18d51525d1cf,folksy.asia,available,1.98,18.98,medium,low,6,namecheap,,,13/08/2026 04:22
2d918a6f-06c1-4352-b9ac-4a65c8d1b703,surfbird.asia,available,2.79,13.49,medium,low,8,namesilo,,,19/09/2026 17:13
3c7a9e4d-4589-4a48-bb15-d1de983dd16a,ontogeny.asia,available,1.98,18.98,high,low,8,namecheap,,,20/08/2026 20:29
11b3c0a0-5fa2-49f3-82dd-76a3675406c7,bonny.asia,available,1.98,18.98,medium,low,5,namecheap,,,10/08/2026 18:45
f5245c81-12f1-4b22-be75-c69a46b7aff9,sewn.asia,available,1.98,18.98,medium,low,4,namecheap,,,10/09/2026 05:07
3794f127-9978-44e9-8789-776255e76028,tomorrows.asia,available,2.79,13.49,medium,low,9,namesilo,,,21/09/2026 09:58
1beb80a4-27bf-4873-a58a-4bcaafa10055,distressed.asia,available,1.98,18.98,medium,low,10,namecheap,,,14/08/2026 12:16
440224af-e6a1-4328-99fa-ded58574b52a,lucullan.asia,available,1.98,18.98,medium,low,8,namecheap,,,24/08/2026 11:00
e8bca34d-174c-4c94-b736-c8fb0de0c7e7,cantaloup.asia,available,2.79,13.49,high,low,9,namesilo,,,24/09/2026 12:08
d9693daa-4d52-410a-9206-aabf193ae023,wound.asia,available,2.59,13.49,high,low,5,namesilo,,,
a10fe437-85aa-4df5-a63d-d33265266053,glamourous.asia,available,1.98,18.98,high,low,10,namecheap,,,19/08/2026 00:17
18af03d1-91b1-4566-8590-6b7b6fcfd00b,bottles.asia,available,2.79,13.49,medium,low,7,namesilo,,,18/09/2026 04:05
afa50606-2b68-4ca5-996c-f42f95490508,stripped.asia,available,1.98,18.98,medium,low,8,namecheap,,,10/09/2026 22:48
03ce7198-8ac7-42ec-9142-18d79de0e848,apical.asia,available,1.98,18.98,high,low,6,namecheap,,,05/08/2026 23:58
9af15f4f-c124-4a1e-bf9e-63e756ad2f1f,swanky.asia,available,1.98,18.98,high,low,6,namecheap,,,11/09/2026 05:15
0a6c477d-011f-4a16-901f-21ed2b8c1388,camera.asia,available,,,high,low,6,,,,
31cf2fe2-f195-4022-9611-d09ecdd8af31,shrugs.asia,available,2.79,13.49,medium,low,6,namesilo,,,20/09/2026 12:14
c5a56777-51ab-45bd-8c9d-663392e723fd,amerindian.asia,available,1.98,18.98,high,low,10,namecheap,,,03/09/2026 13:51
9cf01687-3b60-44e9-beea-90e8df41e7cf,talus.asia,available,1.98,18.98,medium,low,5,namecheap,,,19/09/2026 09:46
a8c93d02-43b5-46a3-9764-82d5ddb83a1b,deadlocked.asia,available,2.99,20.99,medium,low,10,name.com,,,13/08/2026 19:27
0fcb2d87-ba7c-4d61-a6b0-c31c25361d7c,arboretum.asia,available,2.79,13.49,high,low,9,namesilo,,,20/09/2026 00:49
5e03f14f-f73b-4741-9bce-9ec88751d0cb,bronte.asia,available,2.79,13.49,high,low,6,namesilo,,,19/09/2026 10:16
4d1279db-2172-42b0-a552-52bbb83e5e92,impala.asia,available,2.79,13.49,medium,low,6,namesilo,,,17/09/2026 12:44
9618c84a-5ff6-482a-8883-b8e5f726007f,reported.asia,available,2.19,13.49,high,low,8,namesilo,,,
b544d6c8-f97f-4411-8723-b2a17c3cfdf3,crappy.asia,available,1.98,18.98,medium,low,6,namecheap,,,13/08/2026 05:12
c92750fb-9249-4b79-98a3-57ddcff73810,bps.asia,available,2.79,13.49,high,low,3,namesilo,,,23/09/2026 22:46
87f8b76e-663a-4d70-8c17-889e8db60dac,vividly.asia,resell,,,high,low,7,"Spaceship, Inc.",17/05/2026 10:43,17/05/2027 10:43,26/09/2026 10:01
b66820b1-cce5-413f-a99e-13ffd03d4ee5,planetarium.asia,available,2.59,13.49,high,low,11,namesilo,,,
4a568523-16d5-47e5-8528-9ee7c4379886,knowable.asia,available,1.98,18.98,medium,low,8,namecheap,,,12/08/2026 15:50
abb76a51-6669-4fe0-b23f-a4c70f75df6f,slammer.asia,available,1.98,18.98,medium,low,7,namecheap,,,08/09/2026 22:49
49cd86fa-e2ed-44d1-8942-0da16f61f2ac,burry.asia,available,1.98,18.98,medium,low,5,namecheap,,,08/08/2026 17:29
f84ce63f-e2cc-4287-8056-6c62a704683c,tate.asia,resell,,,high,low,4,"GoDaddy.com, LLC",24/03/2008 23:16,24/03/2028 23:16,26/09/2026 09:31
c34eafc4-c4bd-4173-a4d6-c9de9d7cbe7e,conflicted.asia,available,2.59,13.49,medium,low,10,namesilo,,,
86888ad0-c584-4d21-908a-b4c6a4af7925,starvation.asia,available,1.98,18.98,medium,low,10,namecheap,,,10/09/2026 19:06
473b7cb0-9ce3-4dc4-a63c-d05b295903ee,unfretted.asia,available,1.98,18.98,medium,low,9,namecheap,,,12/09/2026 10:45
22695e98-4381-404e-a8e2-ec992a9bf50a,democrat.asia,available,2.59,13.49,high,low,8,namesilo,,,
2e4f2bc1-a86d-4700-9917-0a8ac0e12e95,learnt.asia,available,2.59,13.49,medium,low,6,namesilo,,,
87f1711d-3a43-443d-9f75-fe75593a2934,articular.asia,available,1.98,18.98,medium,low,9,namecheap,,,06/08/2026 23:26
8310c97f-3cb4-4598-87e6-7cecaaa9c439,seafaring.asia,available,1.98,18.98,high,low,9,namecheap,,,04/09/2026 00:22
e764fb2f-ae34-4f62-9462-eb957a05dcd1,bring.asia,resell,,,high,low,5,"Wild West Domains, LLC",31/05/2008 07:01,31/05/2028 07:01,26/09/2026 04:37
18092292-a337-4ac3-92b8-29b3e6a5151c,motions.asia,available,1.98,18.98,high,low,7,namecheap,,,18/09/2026 00:16
2bd32967-92ca-4e00-b6c2-0f4cfdd2650e,bindery.asia,available,1.98,18.98,high,low,7,namecheap,,,23/09/2026 17:11
f8818099-42f5-4e70-bc1f-3e68f5327392,hepatic.asia,available,1.98,18.98,medium,low,7,namecheap,,,21/08/2026 06:47
36081f57-7ff5-4a9a-84de-ceb5cae071eb,revocation.asia,available,2.79,13.49,medium,low,10,namesilo,,,19/09/2026 11:02
aed06e47-4e47-42c7-bffd-2fb5e9e886bf,buckshee.asia,available,1.98,18.98,medium,low,8,namecheap,,,11/08/2026 07:33
67969818-a02f-49d5-ac8e-0becb5a0c008,reversion.asia,available,1.98,18.98,high,low,9,namecheap,,,09/09/2026 16:19
768705df-2708-4991-b6f9-867d77dc6b11,theban.asia,available,1.98,18.98,high,low,6,namecheap,,,11/09/2026 12:35
a802fb23-d91d-4105-b604-46bb823d7fb5,roller.asia,available,1.98,18.98,high,low,6,namecheap,,,25/09/2026 13:38
de7f01b2-95bd-4f87-85c2-1b39ed4d3cb4,neighbour.asia,available,2.59,13.49,high,low,9,namesilo,,,
94276e27-cedd-499f-b8d4-c1a1d34f6725,congrats.asia,available,2.59,13.49,high,low,8,namesilo,,,
6170ca84-9e82-4946-b43e-48ce47093f66,whether.asia,available,2.59,13.49,high,low,7,namesilo,,,
e43fcc98-4153-482c-9199-f457c9796f09,prick.asia,available,1.98,18.98,medium,low,5,namecheap,,,08/08/2026 23:38
3f0fc73b-61be-4a2d-ad82-6e9908e8d00e,amine.asia,available,1.98,18.98,high,low,5,namecheap,,,18/09/2026 21:41
7e2669fc-4797-4330-8378-3c363667ee5d,danceable.asia,available,2.99,20.99,medium,low,9,name.com,,,13/08/2026 16:59
c37ce097-8273-48d8-964d-f642789b2e2c,well.asia,resell,,,high,low,4,"GoDaddy.com, LLC",14/07/2008 07:01,14/07/2027 07:01,26/09/2026 10:07
1d075629-a994-4e65-b3e0-468569d07756,maidens.asia,available,2.59,13.49,high,low,7,namesilo,,,
3ea3cf5d-84f0-433d-8dc7-f79c12e4467d,bellyache.asia,available,2.79,13.49,medium,low,9,namesilo,,,23/09/2026 00:26
2abccb81-53c8-434c-8935-82b7d177d03f,machinist.asia,available,2.79,13.49,high,low,9,namesilo,,,19/09/2026 17:14
cdd73d48-147a-430e-9d29-77e5e1c0de70,bordello.asia,available,1.98,18.98,medium,low,8,namecheap,,,21/09/2026 18:17
bc45cb75-8c26-4f3d-8c4e-3869ae724fdf,undeniable.asia,available,1.98,18.98,high,low,10,namecheap,,,12/09/2026 07:15
66bdc397-12c3-4309-a4bb-f10ca5ae0b68,cyclonic.asia,available,2.99,20.99,medium,low,8,name.com,,,13/08/2026 13:42
8635b186-3c73-44d6-9937-58a2467d0af9,earthly.asia,available,1.98,18.98,high,low,7,namecheap,,,14/08/2026 22:42
141ba5ca-ef44-4eaf-a73e-01428d1b7d22,lurid.asia,available,1.98,18.98,medium,low,5,namecheap,,,24/08/2026 11:42
7ab5e4b5-8c7f-4b1d-8696-9c13f2d121d6,avoidance.asia,available,2.79,13.49,medium,low,9,namesilo,,,21/09/2026 09:49
d3b5729e-44cc-4e26-8326-6e10873ef709,visualised.asia,available,1.98,18.98,high,low,10,namecheap,,,17/08/2026 10:03
c7e372e5-34ea-4b2e-b8f0-3bdbb68bb6af,vivace.asia,available,1.98,18.98,high,low,6,namecheap,,,13/09/2026 06:22
423c7e09-d672-414a-abb0-7511bee1d811,ataturk.asia,available,2.79,13.49,high,low,7,namesilo,,,20/09/2026 19:44
096b9f9e-789a-407f-87cf-f6991c94ba14,jamie.asia,available,1.98,18.98,high,low,5,namecheap,,,25/09/2026 17:50
2ecfcbfa-77af-4ca2-bfcf-9e13527e0e18,invented.asia,available,2.59,13.49,high,low,8,namesilo,,,
d2c1e4cc-21eb-4b55-a682-7e42a3af5cda,keyed.asia,available,1.98,18.98,medium,low,5,namecheap,,,22/08/2026 15:42
407082dd-9088-460e-a7f6-9de066f7c75b,hunker.asia,available,1.98,18.98,medium,low,6,namecheap,,,10/09/2026 17:39
c1453d53-040a-4fa9-bc02-3fe117e25730,longlasting.asia,available,2.59,13.49,high,low,12,namesilo,,,
3c9e67ba-f069-402f-a9e0-624dc414be94,enceinte.asia,available,1.98,18.98,medium,low,8,namecheap,,,16/08/2026 22:09
582d1603-a172-4bb9-b4bc-41939f7cb35f,allopathy.asia,available,2.79,13.49,medium,low,9,namesilo,,,18/09/2026 12:00
004ef72b-d4f1-4915-86cc-5411b4ee784d,tufted.asia,available,1.98,18.98,medium,low,6,namecheap,,,11/08/2026 13:14
5effeeb3-2e47-4b0f-95b3-2dd0ffc36815,passengers.asia,available,2.79,13.49,medium,low,10,namesilo,,,27/09/2026 02:28
5788ade6-1036-4643-86ee-c41f4faf419a,mathematics.asia,resell,,,high,low,11,united-domains GmbH,23/07/2008 05:06,23/07/2027 05:06,26/09/2026 07:28
384972b7-93a6-41d2-bdad-4b4e86340b1c,blacking.asia,available,2.79,13.49,medium,low,8,namesilo,,,24/09/2026 02:49
1dcb9b22-101c-4aa5-9736-a6695093bb27,dough.asia,available,2.99,,high,low,5,name.com,,,
6990aa9a-d9b5-42bc-89b7-6669eb46c22e,elbow.asia,available,2.79,13.49,high,low,5,namesilo,,,20/09/2026 11:23
81b48941-1f1d-468a-9bae-5f0587386411,clitoris.asia,available,1.98,18.98,high,low,8,namecheap,,,24/09/2026 15:48
bc4f16a8-2f3b-467d-998d-7aeec313a0b4,estimating.asia,available,2.59,13.49,medium,low,10,namesilo,,,
507dcd46-56fd-4586-818f-5731600c83c7,cxxxv.asia,available,1.98,18.98,medium,low,5,namecheap,,,
c92b9932-3284-48e8-b59b-9436cd48d035,delicate.asia,available,2.79,13.49,high,low,8,namesilo,,,24/09/2026 05:30
b3a18650-e379-4315-8bbb-40366dcd2c6d,scoffing.asia,available,1.98,18.98,medium,low,8,namecheap,,,22/08/2026 12:43
5bb31ee5-91af-405f-bb9f-4dbd03b35866,unbending.asia,available,1.98,18.98,medium,low,9,namecheap,,,12/09/2026 01:48
aa658cbd-06a1-414c-ab60-0c5b6bf9f8ef,logrolling.asia,available,1.98,18.98,medium,low,10,namecheap,,,23/09/2026 20:50
1ce204f2-71ba-4987-9ee7-b1e6720deced,enforced.asia,available,1.98,18.98,medium,low,8,namecheap,,,17/08/2026 07:32
66dee0c5-e4c2-4dd4-86db-8571164ad2b2,fright.asia,available,2.79,13.49,medium,low,6,namesilo,,,17/09/2026 14:50
919a1c5d-e32f-475e-a4f3-363ab7a00de4,residuum.asia,available,1.98,18.98,high,low,8,namecheap,,,09/09/2026 15:07
828434ed-a2e4-4ff0-9805-d1e1be9a8d1c,rampantly.asia,available,1.98,18.98,medium,low,9,namecheap,,,13/09/2026 11:58
ffe8116c-ffa2-4d71-9ef1-f6876ee3e81f,orienting.asia,available,1.98,18.98,high,low,9,namecheap,,,04/09/2026 17:56
e99d2060-381d-44e8-95fe-7e8228961cb4,springlike.asia,available,1.98,18.98,medium,low,10,namecheap,,,10/09/2026 16:53
ba691f9f-29c3-4d6d-adb4-727c2e4775f0,pondering.asia,available,1.98,18.98,high,low,9,namecheap,,,11/08/2026 06:01
6245e6b1-f98e-49da-a590-1aecbb49d8bf,nodded.asia,available,2.79,13.49,medium,low,6,namesilo,,,18/09/2026 03:34
6f46094f-e853-4862-aa9e-9b9f4726dd5c,accolade.asia,available,1.98,18.98,high,low,8,namecheap,,,16/09/2026 22:45
c27fa998-3a50-491e-b141-ece3901a108e,swedish.asia,available,1.98,18.98,high,low,7,namecheap,,,11/09/2026 05:29
235bcdd2-983f-421c-9099-04294086a324,simony.asia,available,2.79,13.49,medium,low,6,namesilo,,,22/09/2026 08:05
f934d916-8c35-47d4-9cfb-45a2111b5e69,barb.asia,available,2.79,13.49,high,low,4,namesilo,,,22/09/2026 04:14
10e67f14-d166-45b6-bffc-4e7b3fd20af9,zithromax.asia,available,2.79,13.49,medium,low,9,namesilo,,,21/09/2026 11:16
60ab85b1-2a1f-4e4c-983b-270a1e382e9e,uncultured.asia,available,1.98,18.98,medium,low,10,namecheap,,,12/09/2026 06:38
169d1a14-2928-4ccd-a264-9a4c530b7a4c,razorbill.asia,available,2.79,13.49,medium,low,9,namesilo,,,18/09/2026 03:39
d9fbb234-3c99-4eb8-a190-ffde72055092,ironlike.asia,available,1.98,18.98,medium,low,8,namecheap,,,22/08/2026 10:10
f29d5f8e-51fb-4dd7-b078-84f1316f7510,landwards.asia,available,1.98,18.98,medium,low,9,namecheap,,,15/09/2026 10:41
6ad1de5a-c7a4-4b3a-9d93-97e20ca3b44f,prosaic.asia,available,1.98,18.98,medium,low,7,namecheap,,,21/08/2026 15:08
066ed9e5-3c3d-49e5-998e-1ec8d64973ef,based.asia,available,1.98,18.98,high,medium,5,namecheap,,,22/09/2026 17:49
09de926f-f035-4dd1-b686-c47452a72d6f,bosnia.asia,available,1.98,18.98,high,low,6,namecheap,,,25/09/2026 02:00
08eca5dc-a8ae-4470-8bcc-f2a67950f07d,stints.asia,available,2.79,13.49,medium,low,6,namesilo,,,20/09/2026 14:23
11aba364-ae84-4bc1-aecd-5a9c32e616dd,serpentine.asia,available,1.98,18.98,medium,low,10,namecheap,,,10/09/2026 04:45
bb7fcabc-0dad-4883-8979-8035317d41b0,aramean.asia,available,1.98,18.98,medium,low,7,namecheap,,,06/08/2026 12:02
2ce0fb83-ac69-4521-ae35-d5920f208b61,iodin.asia,available,1.98,18.98,high,low,5,namecheap,,,21/08/2026 17:26
e303d7bf-065f-4c0d-8fdc-979455fb4516,kickshaw.asia,available,2.99,20.99,medium,low,8,name.com,,,13/08/2026 15:56
d9ca4329-95d2-4731-b564-e322291acd31,cathodic.asia,available,1.98,18.98,medium,low,8,namecheap,,,11/08/2026 21:56
42eaa645-0adb-47c7-9aa4-ec209730f27c,assent.asia,available,2.79,13.49,high,low,6,namesilo,,,20/09/2026 16:09
cdb18b68-7371-43f0-bcaf-f736ba6c2a05,remarkably.asia,available,1.98,18.98,medium,low,10,namecheap,,,15/09/2026 23:06
41cb8335-ef81-46ca-aa45-a75f5c7b3349,wilted.asia,available,1.98,18.98,medium,low,6,namecheap,,,23/08/2026 13:24
7ccf3be6-ff3a-4eb7-8b0c-2c87543e0a86,cadaverous.asia,available,1.98,18.98,medium,low,10,namecheap,,,10/08/2026 18:51
54d4da58-e4bc-4767-abca-974d6b0fabcd,mutable.asia,available,1.98,18.98,medium,low,7,namecheap,,,12/08/2026 01:50
884c67e4-3cb3-442f-85db-0ebc607ff4a6,moldy.asia,available,1.98,18.98,medium,low,5,namecheap,,,25/09/2026 21:25
e651f3ff-67f2-4c91-9f09-6e5f862b0289,trepid.asia,available,1.98,18.98,medium,low,6,namecheap,,,11/09/2026 16:07
b14ae636-23ad-4afa-98cc-e31566a03a0b,untrusty.asia,available,1.98,18.98,medium,low,8,namecheap,,,12/09/2026 21:46
6e80e76d-e550-465e-a507-eac43c4bcb0f,hears.asia,available,2.79,13.49,medium,low,5,namesilo,,,18/09/2026 07:47
720f7ba9-8249-435f-b741-88212303ff77,torturing.asia,available,1.98,18.98,medium,low,9,namecheap,,,
f9b6654c-0763-4490-a12e-4a00d94ff40c,ascendent.asia,available,,,medium,low,9,,,,
e6e1eb8f-ff4b-4460-b50e-85e27b3df2c4,blackout.asia,resell,,,high,low,8,"Spaceship, Inc.",24/03/2026 11:21,24/03/2027 11:21,26/09/2026 04:28
c1d8339b-b2fd-4450-87b3-8994f69718b3,distinguished.asia,available,2.59,13.49,high,low,13,namesilo,,,
53ea01a5-c5f4-4570-9cb6-b29a83412996,dermic.asia,available,1.98,18.98,medium,low,6,namecheap,,,14/08/2026 03:09
1d893f65-bf5a-49cd-90ab-c3533980f15c,fuzzed.asia,available,1.98,18.98,medium,low,6,namecheap,,,18/08/2026 19:20
f629862b-d9a8-46fe-bd91-d55e26c1a21a,beth.asia,available,2.79,13.49,medium,low,4,namesilo,,,23/09/2026 11:12
f2153ba7-2664-4406-93c6-c19fe96a3db7,boding.asia,available,1.98,18.98,medium,low,6,namecheap,,,18/08/2026 11:34
bd35a9e4-f854-46e4-be1f-6ceb3a530100,alcyone.asia,available,1.98,18.98,medium,low,7,namecheap,,,20/08/2026 22:22
24020442-a921-49f9-9386-226ebd87ab12,roasted.asia,available,2.99,,high,low,7,name.com,,,
720380b9-44d9-4ab1-bf05-89ac28bcec3d,clams.asia,available,2.79,13.49,high,low,5,namesilo,,,24/09/2026 06:47
b27464b1-31ba-4bd6-b172-c91d7037f0bd,birdbath.asia,available,1.98,18.98,high,low,8,namecheap,,,23/09/2026 20:31
0b34b8ae-73b4-448b-8688-268c4841ddad,baksheesh.asia,available,19.99,20.99,medium,low,9,name.com,,,21/09/2026 15:52
ec133c77-767a-43bd-889e-cb1d0e64c885,detecting.asia,available,2.59,13.49,high,low,9,namesilo,,,
d1d5ede4-9dd1-4d93-b652-1c5c03656be3,canal.asia,available,2.59,13.49,high,low,5,namesilo,,,
9d8a9865-f57e-4493-8c97-2b7a331cdd5a,disabled.asia,available,2.79,13.49,high,low,8,namesilo,,,24/09/2026 10:55
e9ca0906-097a-44d3-822e-dde4c46e3153,leased.asia,available,1.98,18.98,high,low,6,namecheap,,,12/08/2026 02:50
d6ff7c42-7065-4c9c-825c-fa8302968037,hanging.asia,available,2.79,13.49,high,low,7,namesilo,,,25/09/2026 04:41
40999720-b13b-4782-b3d3-2f18a576ab82,alprazolam.asia,available,1.98,18.98,medium,low,10,namecheap,,,18/09/2026 14:08
ba42d16f-959a-438e-af77-347fd9bd8418,monarchal.asia,available,1.98,18.98,medium,low,9,namecheap,,,25/08/2026 04:07
b721f756-392b-459b-920c-0ecae85c3b6b,isotopic.asia,available,1.98,18.98,medium,low,8,namecheap,,,22/08/2026 11:26
51e87358-f010-4346-8620-1524842bf24a,impediment.asia,available,1.98,18.98,medium,low,10,namecheap,,,14/08/2026 04:53
36e3d080-a4a5-455f-a1c0-141a6e6bec85,birdhouse.asia,available,1.98,18.98,high,low,9,namecheap,,,23/09/2026 20:39
b0b7e1c4-2d3d-44c7-930f-d664b6fadcf9,fatherly.asia,available,1.98,18.98,high,low,8,namecheap,,,17/08/2026 23:36
8e14d709-8fce-4fd8-901b-71400b959721,midweek.asia,available,1.98,18.98,high,low,7,namecheap,,,13/09/2026 09:34
46356cae-c385-4cdb-a7e7-595b59536f02,throw.asia,available,2.79,13.49,high,low,5,namesilo,,,25/09/2026 14:47
e2ddc18e-ce76-4029-826b-dea38ed18db7,gorge.asia,available,2.79,13.49,high,low,5,namesilo,,,23/09/2026 17:20
b55db296-3317-4acc-b98a-5d182ca4a367,entrant.asia,available,1.98,18.98,high,low,7,namecheap,,,18/08/2026 07:36
b7abaa8c-d84b-48db-9be7-4143b4aa31b1,christly.asia,available,1.98,18.98,high,low,8,namecheap,,,12/08/2026 07:21
32f15513-027c-43fa-8bac-2a326a238e24,spanish.asia,resell,,,high,low,7,"GoDaddy.com, LLC",31/07/2008 11:03,31/07/2027 11:03,26/09/2026 09:11
b61090e1-a904-4a5f-9844-d87feafa32b6,forgetting.asia,available,2.59,13.49,high,low,10,namesilo,,,
14024495-576a-4425-8100-54cde4939e9d,developed.asia,available,2.79,13.49,high,low,9,namesilo,,,24/09/2026 07:51
57da56f1-022d-47b9-b1ba-0fc1a357209f,subarctic.asia,available,1.98,18.98,medium,low,9,namecheap,,,10/09/2026 23:36
e6ade5aa-7f70-4d4f-82f1-dbe2b1937d9a,pushed.asia,available,19.99,20.99,medium,low,6,name.com,,,25/09/2026 18:24
e230eb31-7c1b-4fb2-baec-10cf410a43ac,calcium.asia,available,2.79,13.49,high,low,7,namesilo,,,20/09/2026 22:32
0772c85d-a4f4-4238-8f2f-9a2a398070a2,glibly.asia,available,1.98,18.98,medium,low,6,namecheap,,,14/09/2026 21:34
16872127-ee98-400f-8051-b43aff14df6d,baylor.asia,available,2.79,13.49,medium,low,6,namesilo,,,27/09/2026 01:57
a9a9480b-5ef8-46ac-8986-b6416fc4e5d6,puzzling.asia,available,1.98,18.98,high,low,8,namecheap,,,17/08/2026 09:15
15d7b638-a0cd-4fbd-9ec3-f53f682920b5,dinkey.asia,available,1.98,18.98,medium,low,6,namecheap,,,14/08/2026 08:16
8a43d498-3286-4c9b-9805-d57e9862a174,bhaga.asia,available,2.79,13.49,medium,low,5,namesilo,,,23/09/2026 12:29
453374e4-3159-4d34-8a33-a4303e1b4dad,acinus.asia,available,2.79,13.49,medium,low,6,namesilo,,,17/09/2026 01:46
587033e9-f7d4-4495-9ea9-7579e736ad4d,colossus.asia,resell,,,high,low,8,"DNSPod, Inc.",17/01/2026 14:09,17/01/2027 14:09,26/09/2026 05:07
241343d9-5243-4ae5-88f9-d4852110a7d6,chihuahua.asia,available,2.79,13.49,high,low,9,namesilo,,,24/09/2026 14:33
1bab42de-8df8-4c79-9b94-64584bdc661f,collide.asia,available,19.99,20.99,high,low,7,name.com,,,24/09/2026 15:18
209ceb1a-7aac-4185-bd69-5f0700ad21da,interest.asia,available,,,high,low,8,,,,
d4b02af5-0445-4262-b145-f03864bc4e4a,pediatrist.asia,available,2.79,13.49,high,low,10,namesilo,,,21/09/2026 13:27
21f299cf-dfbe-4b50-a60d-05b65a1616fd,overfed.asia,available,1.98,18.98,medium,low,7,namecheap,,,04/09/2026 20:33
ac8a3ee8-addb-4b40-adcf-eb46bd87d8be,unequaled.asia,available,1.98,18.98,high,low,9,namecheap,,,12/09/2026 09:09
871ddb35-4312-45cb-8506-d3f3f272179e,ruckle.asia,available,1.98,18.98,low,low,6,namecheap,,,13/08/2026 07:12
c37d1a8c-becd-47cc-9d69-b0459734db91,rife.asia,available,1.98,18.98,medium,low,4,namecheap,,,04/09/2026 20:07
34555b09-4026-4825-98d2-1ba729fedb23,resurgent.asia,available,1.98,18.98,high,low,9,namecheap,,,09/09/2026 13:53
99f26b33-7581-4780-b327-7c72be8b424b,panoptical.asia,available,1.98,18.98,medium,low,10,namecheap,,,05/09/2026 01:03
53e153a1-476f-4cd9-9700-659686d385d7,mutation.asia,available,1.98,18.98,high,low,8,namecheap,,,03/09/2026 11:41
380adff9-1cb5-4d12-a580-a8f6f351739a,contiguous.asia,available,1.98,18.98,medium,low,10,namecheap,,,12/08/2026 23:11
da67972a-2af5-4aa4-8acf-80f4f6d36abb,cheerful.asia,available,1.98,18.98,high,low,8,namecheap,,,12/08/2026 03:41
bbefac75-e305-4aa3-836e-fb18d4831ec6,kgb.asia,available,2.59,13.49,high,low,3,namesilo,,,
ba9dae3f-7fe2-4e94-bd46-404a06a06870,togged.asia,available,1.98,18.98,medium,low,6,namecheap,,,11/09/2026 16:44
2561815c-9ffd-49be-bc63-becb9dd99fe5,browned.asia,available,1.98,18.98,medium,low,7,namecheap,,,11/08/2026 06:29
735a7a62-cabd-4a7f-a33e-c7da04af62f0,fibrous.asia,available,1.98,18.98,medium,low,7,namecheap,,,18/08/2026 03:22
cf68b007-a21b-4a3d-b7cb-270650c2b9e5,returning.asia,available,2.99,,high,low,9,name.com,,,
0dbd8456-21b6-443b-ba07-17df78f9eb11,questions.asia,available,1.98,18.98,high,low,9,namecheap,,,24/09/2026 10:21
ced421e7-f9b8-4be1-bfcf-192185e6a926,shadows.asia,available,2.79,13.49,medium,low,7,namesilo,,,18/09/2026 03:26
c0f00084-dd85-4f24-bde0-dc98a6957d1d,cymry.asia,available,1.98,18.98,medium,low,5,namecheap,,,13/09/2026 10:45
f1d601d1-77c3-4b5e-a995-0892d12cd562,tumultuous.asia,available,1.98,18.98,medium,low,10,namecheap,,,14/08/2026 12:25
d96bf299-f940-4b2d-8276-a77b21cfbfd3,indicative.asia,available,1.98,18.98,medium,low,10,namecheap,,,13/08/2026 21:42
62e9e5cf-adfa-489c-88e9-b849252b2519,xxxi.asia,available,1.98,18.98,high,low,4,namecheap,,,
cf5dc204-1b13-488a-9059-71afab0833a9,anaphora.asia,available,2.79,13.49,medium,low,8,namesilo,,,19/09/2026 02:13
bcca5ef4-f673-4ee8-a09b-94f02adfe711,anxiously.asia,available,1.98,18.98,medium,low,9,namecheap,,,13/09/2026 20:05
606e11f3-2ea2-45e4-940d-8e706c8e27f5,woolen.asia,available,1.98,18.98,high,low,6,namecheap,,,13/09/2026 13:13
0ba067e8-10be-4eae-8d9c-4b8f24fbc951,ambages.asia,available,2.79,13.49,medium,low,7,namesilo,,,18/09/2026 16:24
bd9f5d6e-98f4-4505-8d08-0a3b4880d0e2,contiguity.asia,available,2.79,13.49,medium,low,10,namesilo,,,17/09/2026 08:24
dc23c6c8-e791-4855-b6bf-8b04ac1b0395,trophic.asia,available,1.98,18.98,medium,low,7,namecheap,,,11/09/2026 20:22
ab2837d8-5d79-4624-b1a5-5fa531169e1d,washy.asia,available,1.98,18.98,medium,low,5,namecheap,,,10/08/2026 13:56
730ed680-30b4-4f5b-b510-1243cea439a6,melted.asia,available,1.98,18.98,high,low,6,namecheap,,,23/08/2026 23:37
a271fbf0-71a2-431f-bda9-73d458012136,hydroponic.asia,available,1.98,18.98,medium,low,10,namecheap,,,06/08/2026 10:34
03cfe152-11d0-4c0f-9f9e-e39c7b1146da,beatniks.asia,available,1.98,18.98,medium,low,8,namecheap,,,22/09/2026 21:34
5cc175f7-6bc6-4343-9cc0-9ab57166ba36,amoeboid.asia,available,1.98,18.98,medium,low,8,namecheap,,,
ccd098b8-3693-4522-b903-965f7226bfb7,asteroid.asia,available,2.79,13.49,high,low,8,namesilo,,,22/09/2026 10:17
6fbf2dca-d8f5-463f-8c37-bb204ee79360,amniote.asia,available,2.79,13.49,medium,low,7,namesilo,,,18/09/2026 22:28
e95b7cf3-2770-4849-ae79-7f9412020d1c,amused.asia,available,1.98,18.98,high,low,6,namecheap,,,
508f62c6-0b0a-43c7-9614-cc0929bf0554,unimportant.asia,available,2.59,13.49,medium,low,11,namesilo,,,
05d0dbed-88f2-4fcd-8e18-2b81f16c4e79,nafud.asia,available,2.79,13.49,medium,low,5,namesilo,,,19/09/2026 00:44
7970086c-2259-4bae-81d3-749659d587e5,latticed.asia,available,1.98,18.98,medium,low,8,namecheap,,,22/08/2026 08:06
4b3d2714-1676-4bba-a256-8829dd539c79,aphakia.asia,available,2.79,13.49,medium,low,7,namesilo,,,19/09/2026 16:51
b02e9f8f-fc2c-49c4-9a06-cca6e067f477,yuck.asia,available,2.59,13.49,high,low,4,namesilo,,,
6d5e9da4-d327-46f8-922f-2db73a0e9f1a,hand.asia,resell,,,high,low,4,"Megazone Corp., dba HOSTING.KR",24/09/2013 02:38,24/09/2027 02:38,26/09/2026 06:33
f6217ab1-0894-4ac0-af50-24f9c4afce1c,recessions.asia,available,1.98,18.98,medium,low,10,namecheap,,,21/09/2026 06:29
7811c9c6-dd07-4e4f-956c-f66c23c40ccc,alright.asia,available,1.98,18.98,high,low,7,namecheap,,,22/09/2026 01:15
34e9ec99-5fd6-459a-94a9-a0a6796f4b3b,guilty.asia,available,1.98,18.98,high,low,6,namecheap,,,20/08/2026 20:50
d694e210-92a6-445b-9443-0038e217cd56,credulous.asia,available,1.98,18.98,medium,low,9,namecheap,,,13/08/2026 05:56
ca1149e2-3cbe-4de7-80f8-bd021d103f2a,scared.asia,available,1.98,18.98,medium,low,6,namecheap,,,18/08/2026 15:38
b1bf9a72-fe94-4975-af2c-1a403a6edc2e,bassoonist.asia,available,19.99,20.99,medium,low,10,name.com,,,22/09/2026 12:33
7b8e4839-9e40-4583-b725-34c79328d850,waken.asia,available,1.98,18.98,high,low,5,namecheap,,,08/08/2026 00:08
cc24ac80-6ca0-428b-8fed-c3d76f803d0f,inaudible.asia,available,1.98,18.98,medium,low,9,namecheap,,,22/08/2026 00:33
5dbe301f-7fa5-43a6-83ee-ed372a65d384,equipping.asia,available,2.79,13.49,medium,low,9,namesilo,,,20/09/2026 07:13
3707f43a-afbc-4671-b88d-baa1d1eb9b9c,stalled.asia,available,2.79,13.49,medium,low,7,namesilo,,,20/09/2026 17:27
302c37bd-f3cf-411b-94fe-391eb110aa32,astern.asia,available,1.98,18.98,medium,low,6,namecheap,,,
47faee20-265c-4a14-a035-66d2023dae71,swerve.asia,available,2.19,13.49,high,low,6,namesilo,,,
0e83782e-e7fb-4498-9ad0-ab1e59e521dd,delusive.asia,available,1.98,18.98,medium,low,8,namecheap,,,14/08/2026 00:53
d59d4ad4-4865-476c-8980-105cf89ffd3f,enatic.asia,available,1.98,18.98,medium,low,6,namecheap,,,16/08/2026 21:20
eb933a23-e63d-41c0-80af-5b21216147d0,donnish.asia,available,1.98,18.98,low,low,7,namecheap,,,14/08/2026 15:53
5caec6b6-070c-4d74-9720-e90cea2cd91a,thickener.asia,available,1.98,18.98,medium,low,9,namecheap,,,11/09/2026 13:14
6fb6b905-1202-4cbc-a280-5f2107a1bf76,wilde.asia,available,2.79,13.49,high,low,5,namesilo,,,25/09/2026 09:39
e646f84c-fd18-43f0-910e-298294a4f15c,placed.asia,available,2.79,13.49,high,low,6,namesilo,,,25/09/2026 14:13
dc5e0511-fbd2-48ca-8660-1cc81db67911,tuneless.asia,available,1.98,18.98,medium,low,8,namecheap,,,11/09/2026 21:05
cc907b7a-1429-4290-b4f1-f7c978354e61,downcast.asia,available,1.98,18.98,medium,low,8,namecheap,,,14/08/2026 17:33
ad3fad80-64b3-462e-a54b-70677736279f,scienter.asia,available,1.98,18.98,medium,low,8,namecheap,,,16/09/2026 00:44
4f94d437-4fab-417b-a884-b6000a2554da,blasted.asia,available,1.98,18.98,medium,low,7,namecheap,,,10/08/2026 12:35
067017ff-df4a-4c92-89e8-05294bcdca1b,incessant.asia,available,1.98,18.98,medium,low,9,namecheap,,,11/08/2026 23:04
efd55414-411a-4f3c-b433-86a3366698ef,babinski.asia,available,2.79,13.49,medium,low,8,namesilo,,,21/09/2026 12:44
0b634d82-8346-46df-b9ae-1caa4ec087df,batting.asia,available,2.79,13.49,high,low,7,namesilo,,,22/09/2026 14:25
7108bc5b-262b-4081-94aa-f9cfd16fd0d9,suspected.asia,available,1.98,18.98,medium,low,9,namecheap,,,11/09/2026 04:53
b70fc15e-c33b-44b8-a706-4295da1ba4d1,signally.asia,available,1.98,18.98,medium,low,8,namecheap,,,16/09/2026 01:49
fc89822d-5e37-4494-9189-f352694acb44,island.asia,available,,,high,low,6,,,,
b9f4feae-7134-41a9-8d2e-cb83dc1d766b,timed.asia,available,1.98,18.98,high,low,5,namecheap,,,11/09/2026 16:00
d68bc54c-081f-476b-ac5d-f6bb3023cff3,legitimize.asia,available,1.98,18.98,high,low,10,namecheap,,,04/09/2026 05:07
4335ae3c-05e5-49ab-8be2-bd54830040ae,creating.asia,available,2.59,13.49,high,low,8,namesilo,,,
66867a74-d7f6-4750-bd6d-89638399d235,manlike.asia,available,1.98,18.98,medium,low,7,namecheap,,,24/08/2026 14:48
d20084ab-c1bf-4fd6-8bc4-3e75b6ea96bc,thenar.asia,available,1.98,18.98,medium,low,6,namecheap,,,11/09/2026 12:51
31bb0f24-e0a5-4bd7-bc97-52bf5e184048,acris.asia,available,1.98,18.98,medium,low,5,namecheap,,,17/09/2026 03:16
94be2b80-f6f2-41a5-8f9d-d6c41d12ff59,sex.asia,resell,,,high,medium,3,Mesh Digital Limited,12/06/2008 07:03,12/06/2028 07:03,26/09/2026 08:56
3259912d-ee89-4987-868c-1c87fc96ddbb,redevelopment.asia,available,1.98,18.98,high,low,13,namecheap,,,20/09/2026 23:43
7793cb7e-1c10-4ce9-9444-7cc702807c33,poor.asia,available,2.79,13.49,medium,low,4,namesilo,,,24/09/2026 23:28
e5237d20-f268-4c66-9afc-8b9fbe1136a2,afghan.asia,available,,,high,low,6,,,,
c28b2207-5fe7-4b73-bb02-a5a381ce9b49,cunning.asia,available,1.98,18.98,medium,low,7,namecheap,,,24/09/2026 01:26
6a37e219-ab5c-49cd-be50-6de383e3d414,prettier.asia,available,2.79,13.49,medium,low,8,namesilo,,,18/09/2026 11:09
fcbcdc33-2b70-4ea0-9094-2a4fe071c9c5,homophile.asia,available,1.98,18.98,high,low,9,namecheap,,,18/08/2026 20:56
81de928a-e660-4851-896c-0cdc88ab74c8,mannish.asia,available,1.98,18.98,medium,low,7,namecheap,,,24/08/2026 15:22
cec90626-2402-47ee-849d-410bc2b54c9f,burnside.asia,available,2.79,13.49,high,low,8,namesilo,,,16/09/2026 12:53
eb23c6e2-0930-45cf-b6aa-9c438cbf304d,frumpy.asia,available,1.98,18.98,medium,low,6,namecheap,,,18/08/2026 17:06
adb6c095-36c8-447c-b650-2209ef7a9b13,moldable.asia,available,1.98,18.98,medium,low,8,namecheap,,,25/08/2026 03:42
d468e49d-02b3-4951-9a50-438622f04a6b,seems.asia,available,1.98,18.98,medium,low,5,namecheap,,,18/09/2026 01:08
782c1f42-e221-43f0-86c8-46e0fa526884,cheapjack.asia,available,1.98,18.98,medium,low,9,namecheap,,,12/08/2026 03:25
f80cca95-945e-49fe-a753-b572f1f43191,loco.asia,available,1.98,18.98,high,low,4,namecheap,,,06/08/2026 21:13
60730b63-9b8e-438c-a780-c2880e6e4a1a,momently.asia,available,1.98,18.98,medium,low,8,namecheap,,,15/09/2026 15:21
a48abe6b-4451-44a9-bd0f-90ccdaff14e9,duplicate.asia,available,2.79,13.49,high,low,9,namesilo,,,24/09/2026 11:48
0330ae14-75d1-4059-ad55-4c4e865b3837,verbally.asia,available,2.79,13.49,medium,low,8,namesilo,,,16/09/2026 10:50
a5216d32-a771-439f-94d2-e4eefeba9127,adamance.asia,available,2.79,13.49,medium,low,8,namesilo,,,17/09/2026 06:15
c901664a-954e-4897-b238-8241dbba4a6b,everything.asia,resell,,,high,medium,10,Porkbun LLC,24/02/2017 17:46,24/02/2027 17:46,26/09/2026 05:55
128fff26-12df-4112-9772-eb1d7bef5c07,adlumia.asia,available,1.98,18.98,medium,low,7,namecheap,,,17/09/2026 08:37
3169d061-39ae-415c-ab6b-6352ad2943f4,armoire.asia,available,2.79,13.49,medium,low,7,namesilo,,,20/09/2026 07:20
411e6034-a7c7-4578-83a9-535a55cf75a7,blabber.asia,available,1.98,18.98,medium,low,7,namecheap,,,23/09/2026 11:33
71f78134-30c7-4dc1-b1e9-be50add394a7,plutonian.asia,available,1.98,18.98,medium,low,9,namecheap,,,20/08/2026 21:34
e1229af1-2dbd-4819-b2d4-58f66e3b9764,wingless.asia,available,1.98,18.98,medium,low,8,namecheap,,,13/09/2026 12:31
e4a75aa7-1474-4e25-b115-3020620018b5,unabashed.asia,available,1.98,18.98,medium,low,9,namecheap,,,11/09/2026 23:19
b3a0b53a-aa6f-4de8-8fbb-95c649f6b965,icon.asia,available,,,high,medium,4,,,,
2b3c240c-8b9d-471d-9fad-b7b9fc2d677f,voiced.asia,available,1.98,18.98,high,low,6,namecheap,,,10/09/2026 14:06
9a17552c-d96a-4a91-ab28-a234f0387eb7,deserved.asia,available,1.98,18.98,high,low,8,namecheap,,,14/08/2026 03:27
bdde3619-4070-428e-b9da-0e16cf22991f,galveston.asia,available,2.79,13.49,high,low,9,namesilo,,,27/09/2026 04:07
e42a4457-e74a-42c4-8209-311668ab20ea,nerd.asia,resell,,,high,medium,4,Porkbun LLC,16/12/2025 14:09,16/12/2026 14:09,26/09/2026 07:44
88a5e63a-6caf-4fc4-b3b3-54fd10cafb2d,bosky.asia,available,1.98,18.98,medium,low,5,namecheap,,,10/08/2026 20:17
b17fa668-9bd3-43c4-9184-e67552134323,banditry.asia,available,2.79,13.49,medium,low,8,namesilo,,,22/09/2026 01:24
c2240505-c5ae-4de6-91d7-33ced663ccae,text.asia,resell,,,high,medium,4,"Wild West Domains, LLC",03/07/2008 07:07,03/07/2027 07:07,26/09/2026 09:34
829982ca-3cf9-4707-b370-344da952bd8c,atropos.asia,available,2.79,13.49,medium,low,7,namesilo,,,21/09/2026 01:01
e1213e25-c477-4931-852e-8c248764a9f4,widen.asia,available,2.59,13.49,high,low,5,namesilo,,,
07e2506f-155f-43d9-90bc-2ff1b41e5857,effeminate.asia,available,1.98,18.98,medium,low,10,namecheap,,,12/08/2026 08:34
c3d6dc39-cb83-440b-8e79-8a38ce38f997,beagle.asia,available,1.98,18.98,high,low,6,namecheap,,,22/09/2026 19:37
6dd388dc-2108-41d4-b288-c62294f3220b,anatropous.asia,available,1.98,18.98,medium,low,10,namecheap,,,
b720e071-4be1-4945-b3eb-6a84cf283234,saddle.asia,available,2.59,13.49,high,low,6,namesilo,,,
f962ba88-fcb5-43ef-9552-c1a223fca4a1,arioso.asia,available,2.79,13.49,medium,low,6,namesilo,,,20/09/2026 05:35
4052eb25-a71a-467a-b5d5-afaa68fcf7f5,aflutter.asia,available,1.98,18.98,medium,low,8,namecheap,,,
70e374cb-b6bd-4af6-882e-620ba400ca76,unsullied.asia,available,1.98,18.98,medium,low,9,namecheap,,,10/09/2026 18:19
a4b29ef6-8bd1-4778-a5c6-b1523005d604,unbuttoned.asia,available,1.98,18.98,medium,low,10,namecheap,,,12/09/2026 04:42
cd6ba940-a955-4843-be44-fe6b09e337b6,albacore.asia,available,2.79,13.49,high,low,8,namesilo,,,18/09/2026 02:20
0e9e13c4-aaae-4348-9f50-b74219a77182,autobahn.asia,available,2.79,13.49,high,low,8,namesilo,,,21/09/2026 05:50
6918a900-d23e-42d2-bbe6-f0f95218a23b,dislocated.asia,available,1.98,18.98,medium,low,10,namecheap,,,14/08/2026 11:31
e2d78097-316a-401e-8bfd-d62f05956d85,unweaned.asia,available,1.98,18.98,low,low,8,namecheap,,,12/09/2026 22:29
bd38f55c-1ad1-4a78-a278-ebfe8866ef9d,moldovan.asia,available,1.98,18.98,high,low,8,namecheap,,,25/08/2026 03:50
1c925cf5-4404-4170-80fd-37bfd4e13a47,breasted.asia,available,1.98,18.98,medium,low,8,namecheap,,,11/08/2026 03:12
1506cfd5-3db3-469a-8822-5b3da317cc3a,amur.asia,available,2.79,13.49,high,low,4,namesilo,,,19/09/2026 00:13
ee4790e2-1082-404d-a1c2-6f16ce6045b0,stockpile.asia,available,1.98,18.98,high,low,9,namecheap,,,10/09/2026 20:52
51478581-f3aa-4e8c-b455-96e563a02ab8,adenovirus.asia,available,2.79,13.49,medium,low,10,namesilo,,,17/09/2026 07:41
97ed58d3-3d29-4691-acec-d30a7fc1952c,doubting.asia,available,1.98,18.98,medium,low,8,namecheap,,,14/08/2026 17:01
68990415-9410-4dff-b583-0dad9b20ff5f,horrific.asia,available,1.98,18.98,medium,low,8,namecheap,,,14/08/2026 08:59
e485a055-8535-4835-aff0-b1d699be5811,untried.asia,available,1.98,18.98,medium,low,7,namecheap,,,12/09/2026 21:15
a2ca93ee-0e9c-409c-bb0f-eb197ea1034f,amonra.asia,available,1.98,18.98,medium,low,7,namecheap,,,18/09/2026 18:34
9214d48d-2f4c-46dc-83ba-854904d4ef88,pictured.asia,available,1.98,18.98,medium,low,8,namecheap,,,14/08/2026 02:14
92a89fe9-bc25-4ae0-ae63-6b1ab82c00ac,chest.asia,available,2.79,13.49,high,low,5,namesilo,,,24/09/2026 10:14
5e077c82-5a86-4a71-ba4c-b45d03415c19,oversexed.asia,available,1.98,18.98,medium,low,9,namecheap,,,21/08/2026 09:17
df115d8b-7a3f-45ef-be3b-2e1e39d324b7,warranty.asia,available,,,high,low,8,,,,
62f9dd84-2af0-4a38-ab9c-061b4a79e614,dardan.asia,available,1.98,18.98,medium,low,6,namecheap,,,11/09/2026 20:19
8733ba89-7f9b-4248-9c7f-156495c9cc2d,jaded.asia,available,1.98,18.98,medium,low,5,namecheap,,,22/08/2026 11:58
65ffd06c-5381-4633-94f9-4c296bc46d2b,mournful.asia,available,1.98,18.98,medium,low,8,namecheap,,,14/08/2026 15:16
156606b8-dadd-4ee8-814b-2c28d9b046f7,teaser.asia,available,2.79,13.49,high,low,6,namesilo,,,19/09/2026 10:50
bdee9a73-5923-4543-a2a3-1ab2c9177c7e,contrived.asia,available,1.98,18.98,medium,low,9,namecheap,,,12/08/2026 23:42
35305cd2-c193-4a78-9b39-371ebe1985a3,shod.asia,available,1.98,18.98,medium,low,4,namecheap,,,11/08/2026 13:43
c1d8f13f-1202-433a-b102-068d26afd29b,colosseum.asia,available,2.79,13.49,high,low,9,namesilo,,,18/09/2026 23:29
c4f79957-310d-410c-a9da-c49c753f954a,judy.asia,available,19.99,20.99,high,low,4,name.com,,,25/09/2026 11:45
5c4b59c8-4e99-4b02-bd9c-8b422326c0e2,conforming.asia,available,1.98,18.98,high,low,10,namecheap,,,12/08/2026 21:11
7cd49c87-54d8-4c95-9041-ac2a88c222cd,snuck.asia,available,2.79,13.49,low,low,5,namesilo,,,20/09/2026 23:46
78261f96-d29f-456a-8dd0-37c23a4de1da,endow.asia,available,2.79,13.49,high,low,5,namesilo,,,24/09/2026 23:37
7656d5e6-c5fb-413b-9fb7-261149f24e5a,hypotonic.asia,available,1.98,18.98,medium,low,9,namecheap,,,21/08/2026 17:19
205ed7ba-869f-4ee1-aa30-673d3f6a1109,perhaps.asia,available,2.99,,high,low,7,name.com,,,
184e807f-0ee7-4ff5-b2e9-bf245b187a06,inexplicit.asia,available,1.98,18.98,medium,low,10,namecheap,,,21/08/2026 22:39
4eb29a44-6c6e-4d5d-86cb-7c7a2182193f,greenberg.asia,available,2.79,13.49,high,low,9,namesilo,,,27/09/2026 04:16
cb3a37e0-00f8-49b2-91e7-0b144cee8b67,blake.asia,available,1.98,18.98,high,low,5,namecheap,,,24/09/2026 03:45
bb4ddf93-2185-489d-a9ff-71804ea6733a,rodin.asia,available,1.98,18.98,high,low,5,namecheap,,,21/09/2026 03:57
987ad4c3-a7d6-48e8-81da-edee5cf5bf17,azt.asia,available,2.79,13.49,high,low,3,namesilo,,,21/09/2026 11:33
ffed1d0a-abf6-4941-8940-acf6878e779d,didnt.asia,available,2.59,13.49,medium,low,5,namesilo,,,
b0168923-90fe-422c-8f35-034191865285,diversion.asia,available,2.79,13.49,high,low,9,namesilo,,,24/09/2026 23:18
1487323a-db65-4f69-8708-75bfb728bc47,incisively.asia,available,1.98,18.98,medium,low,10,namecheap,,,15/09/2026 07:42
60dbf913-7ed8-44de-8b1c-fb7e5ac755b6,indirect.asia,available,1.98,18.98,high,low,8,namecheap,,,12/08/2026 16:43
c75686c1-1e87-4597-acfb-6631becbd54e,algonquin.asia,available,1.98,18.98,high,low,9,namecheap,,,
274b3052-a0ef-4b59-bc4a-94945a3e7f2a,seated.asia,available,2.19,13.49,high,low,6,namesilo,,,
90e37731-609a-4011-aff2-100bd400a566,unguided.asia,available,1.98,18.98,medium,low,8,namecheap,,,12/09/2026 11:41
2c7cd5ac-c3c5-46a1-8ceb-f84cfbb71c54,lick.asia,available,1.98,18.98,high,low,4,namecheap,,,25/09/2026 11:36
4e585381-fdfb-496e-bec2-ad71b42e52c1,downstage.asia,available,1.98,18.98,high,low,9,namecheap,,,14/08/2026 17:53
e9c9e2c7-5e2f-433b-86cd-33fc0bbc6d32,foretoken.asia,available,2.79,13.49,medium,low,9,namesilo,,,21/09/2026 03:42
a51d472f-5812-4bc5-b56c-07f7c299f34e,throwaway.asia,available,1.98,18.98,medium,low,9,namecheap,,,11/08/2026 05:13
f4c8d1db-b17e-409e-8dd6-5f149ebed487,cappuccino.asia,available,2.59,13.49,high,low,10,namesilo,,,
92f40f1c-0338-4e8d-88b1-6fc775a8d1a8,downhill.asia,available,1.98,18.98,medium,low,8,namecheap,,,13/08/2026 21:49
3b5a2137-abe1-4b7c-990c-c34f492d7695,sellable.asia,available,1.98,18.98,high,low,8,namecheap,,,24/08/2026 20:28
08fe02f4-5b57-4b65-9602-52857a2328ae,hoagy.asia,available,1.98,18.98,high,low,5,namecheap,,,24/09/2026 20:07
a2c7715b-e693-40b6-9132-cbb245f1ead2,festive.asia,available,1.98,18.98,high,low,7,namecheap,,,18/08/2026 02:14
6658ca88-3e81-4245-b85e-fde1796b9090,molecules.asia,available,2.59,13.49,medium,low,9,namesilo,,,
22a6991a-2021-45f8-a387-ae957fa75c07,elfish.asia,available,1.98,18.98,medium,low,6,namecheap,,,16/08/2026 03:41
20bc3532-b8f3-46b9-8416-e8a801c424ab,cab.asia,resell,,,high,low,3,1API GmbH,13/06/2008 07:01,13/06/2027 07:01,26/09/2026 04:42
8cb19fc2-54d3-47af-a801-a4b3bb4842f5,potbound.asia,available,1.98,18.98,medium,low,8,namecheap,,,09/09/2026 00:44
cea2597f-ecc5-4c85-9675-548ca1b4fce5,bones.asia,available,2.99,,high,low,5,name.com,,,
dad985d8-aa04-4dfd-b1e9-42dd1dd054ed,keypress.asia,available,2.99,,medium,low,9,name.com,,,
cf565df0-76b3-4cf8-8c64-8f73ee847f42,siris.asia,available,1.98,18.98,high,low,5,namecheap,,,18/09/2026 03:05
8e740609-2003-4e85-b6ce-68d06a3b088e,speechless.asia,available,2.79,13.49,medium,low,10,namesilo,,,19/09/2026 16:52
2a8176c7-316b-492d-8847-d21f1772a448,schoenberg.asia,available,2.79,13.49,medium,low,10,namesilo,,,20/09/2026 08:21
23de6bee-29dc-44e6-ba5b-1d63fe745357,apostate.asia,available,1.98,18.98,medium,low,8,namecheap,,,06/08/2026 03:35
52495c75-490b-4377-b00f-2154dea5abb4,been.asia,available,2.59,13.49,medium,low,4,namesilo,,,
0c77614a-5811-4576-b1d2-9b6796a87ff8,two.asia,resell,,,high,low,3,"Spaceship, Inc.",26/08/2025 02:46,26/08/2027 02:46,26/09/2026 09:49
c886194e-1429-4087-a7ef-4070025953d6,mouthfeel.asia,available,2.59,13.49,medium,low,10,namesilo,,,
d877d64c-68de-47c7-8d4d-ad7e6532fb52,chessman.asia,available,2.79,13.49,medium,low,8,namesilo,,,24/09/2026 14:20
a1a4539a-46a5-44cc-a20d-582cb8e11b49,allowable.asia,available,1.98,18.98,high,low,9,namecheap,,,
c1ee0597-0e9e-4642-9192-0137449ca786,bureaucrat.asia,available,2.79,13.49,high,low,10,namesilo,,,17/09/2026 08:44
edea755a-3ef0-4b1b-945d-4b2cb152fb32,masked.asia,available,1.98,18.98,high,low,6,namecheap,,,12/08/2026 11:32
aed54d76-b4ac-4c76-8c91-09d02bc89996,objectively.asia,available,2.59,13.49,high,low,11,namesilo,,,
ba831d80-3d9e-41fd-8f33-36624bd1919a,newest.asia,available,2.79,13.49,high,low,6,namesilo,,,18/09/2026 15:57
429a098b-6768-4972-a0d8-0a017f14990f,tranquil.asia,available,1.98,18.98,high,low,8,namecheap,,,11/08/2026 14:53
24d0d6a0-0bf6-4528-a008-395be2d607eb,kilogramme.asia,available,2.99,,medium,low,10,name.com,,,
811825ac-ce3b-4130-b892-de505d8d59f8,assigning.asia,available,19.99,20.99,high,low,9,name.com,,,20/09/2026 16:26
efee31b3-ae7b-42a0-bc83-475a16a60f41,cacomistle.asia,available,2.79,13.49,medium,low,10,namesilo,,,22/09/2026 12:02
1781d117-1ae1-42ea-8cc7-53029b3e0ccf,luteal.asia,available,1.98,18.98,medium,low,6,namecheap,,,24/08/2026 12:07
94f82dfb-2ba9-442b-8f2e-8620a4a82ccc,wavering.asia,available,1.98,18.98,medium,low,8,namecheap,,,13/09/2026 00:41
8028f89c-be5d-4aea-a732-545010d03ef5,gratuitous.asia,available,1.98,18.98,medium,low,10,namecheap,,,13/08/2026 03:14
ee517d87-05e5-4360-aebe-9a692cc87f79,vexed.asia,available,1.98,18.98,medium,low,5,namecheap,,,21/08/2026 00:15
27641674-e065-4f93-b493-313872f25323,truce.asia,available,2.79,13.49,high,low,5,namesilo,,,20/09/2026 07:17
d963a655-581a-4607-b56b-4fe02946503d,characters.asia,available,2.59,13.49,medium,low,10,namesilo,,,
200aeb7a-582d-429f-9c45-0914a711cb51,pureblood.asia,available,1.98,18.98,medium,low,9,namecheap,,,08/09/2026 13:00
1602ea4b-4f58-4c48-8a5d-f1b62cb5ad35,lists.asia,available,2.79,13.49,high,low,5,namesilo,,,17/09/2026 08:32
e004f1f7-4a10-45d2-b723-94ff82a0d8cd,sodomy.asia,available,2.79,13.49,medium,low,6,namesilo,,,19/09/2026 01:34
fca012e3-9d33-4942-be18-8b5046d948e3,lerner.asia,available,2.79,13.49,high,low,6,namesilo,,,18/09/2026 01:44
c5bbf9f1-5469-4cb4-aad1-1cc7b717c016,grumbler.asia,available,2.79,13.49,medium,low,8,namesilo,,,23/09/2026 06:49
bd787dcd-283c-456a-97f4-e92d552308cd,overhasty.asia,available,1.98,18.98,medium,low,9,namecheap,,,04/09/2026 20:44
dd19c1be-53f8-44c1-a41c-e204315b8f07,product.asia,resell,,,high,medium,7,"Spaceship, Inc.",24/08/2015 05:24,24/08/2027 05:24,26/09/2026 08:21
ffc678b4-6759-417f-88ec-fd6329ea8e80,advise.asia,available,1.98,18.98,high,low,6,namecheap,,,27/09/2026 03:36
e858620f-a287-4602-8ea3-ae1da939e4b0,humoring.asia,available,1.98,18.98,high,low,8,namecheap,,,05/09/2026 00:31
1313fdac-e429-490e-9f96-90e89b2496a5,orphaned.asia,available,1.98,18.98,high,low,8,namecheap,,,04/09/2026 18:01
e10d813a-e10a-4e2f-be3b-688257383d5e,alkyd.asia,available,1.98,18.98,medium,low,5,namecheap,,,18/09/2026 08:33
d08fb801-a273-4c56-80ef-fd7c69744ca5,sickening.asia,available,1.98,18.98,medium,low,9,namecheap,,,24/08/2026 08:28
92b5e2bd-06c2-47dd-8888-ead1c86119e3,healthily.asia,available,1.98,18.98,medium,low,9,namecheap,,,14/09/2026 23:15
3074b55b-a116-4b55-9970-2a7bccd064e4,oxalis.asia,available,1.98,18.98,medium,low,6,namecheap,,,10/09/2026 14:35
1035dd08-b4bc-424d-9dfd-be7c5587a666,scalene.asia,available,1.98,18.98,medium,low,7,namecheap,,,09/09/2026 22:25
673b245a-9ac4-47b4-bb7d-a81b82dc07fc,becket.asia,available,2.79,13.49,high,low,6,namesilo,,,22/09/2026 22:36
5adb9c76-356c-422d-a7fb-07ed21947489,protein.asia,available,1.98,18.98,high,low,7,namecheap,,,08/09/2026 08:51
06bc6fe6-e719-4465-b1c2-d6cfda6c52b6,polyploid.asia,available,1.98,18.98,medium,low,9,namecheap,,,08/09/2026 23:29
4392f2a3-f683-4a82-8214-dd2bb30cd5ae,actaea.asia,available,1.98,18.98,medium,low,6,namecheap,,,17/09/2026 04:11
ca47bff0-8041-4247-ae8c-9daeaa2c3ef6,unstained.asia,available,1.98,18.98,medium,low,9,namecheap,,,10/09/2026 18:17
39e8a848-3a81-4815-bfc7-e9b91d12ffe9,arterial.asia,available,1.98,18.98,high,low,8,namecheap,,,06/08/2026 22:29
68560938-f441-42bd-8d9d-0e04181b1d33,lid.asia,available,1.98,18.98,high,low,3,namecheap,,,24/09/2026 13:43
b0ee53cf-cbb8-4e4b-9cb4-5d397e8c4da6,vocalic.asia,available,1.98,18.98,medium,low,7,namecheap,,,13/09/2026 06:26
b99c271f-c3c9-4575-aaad-712e8ad70330,admirable.asia,available,1.98,18.98,high,low,9,namecheap,,,21/09/2026 18:46
143a6c0e-1a8f-45dc-9716-5d7477023fb3,scripted.asia,available,2.19,13.49,high,low,8,namesilo,,,
860f6b93-a97e-43bb-ab22-41abf36d8d4e,angry.asia,available,1.98,18.98,high,low,5,namecheap,,,
e2f9bb3f-d11e-425a-bd43-a69ec6e527b5,linguist.asia,available,1.98,18.98,high,low,8,namecheap,,,08/09/2026 23:18
9558de99-f413-4817-9dce-ef0dd35771f3,bistro.asia,resell,,,high,low,6,Dynadot Inc,23/06/2023 09:15,23/06/2027 09:15,26/09/2026 04:27
53abce61-cb64-4fe3-a4c4-543b386004b7,glib.asia,available,1.98,18.98,medium,low,4,namecheap,,,20/08/2026 14:26
d7f6ac5e-b36f-4462-9344-0f65022ecf8a,untypical.asia,available,1.98,18.98,medium,low,9,namecheap,,,07/08/2026 16:10
2fe55c06-a817-40b3-b8c7-90f4498821a4,deserter.asia,available,1.98,18.98,medium,low,8,namecheap,,,06/08/2026 03:40
6ca7ba1b-47dd-4b23-a6ae-6be1ec2c7be0,harijan.asia,available,1.98,18.98,high,low,7,namecheap,,,12/09/2026 21:38
890bda74-90b6-4532-95dc-98a91c4d9896,gismo.asia,available,1.98,18.98,medium,low,5,namecheap,,,19/09/2026 21:49
691c39a0-177b-486f-8d44-7c7d53f06f45,assort.asia,available,2.79,13.49,high,low,6,namesilo,,,17/09/2026 14:23
c0c6d465-f60b-4c40-8bf8-29ac353cd3a8,unassigned.asia,available,1.98,18.98,medium,low,10,namecheap,,,12/09/2026 01:12
a700a02c-ab6b-4564-a4af-015dfbfdd435,change.asia,available,,,high,medium,6,,,,
56a23015-22e4-4a13-bcb8-dc402284a640,azygous.asia,available,,,medium,low,7,,,,
c79b87cd-a0ff-4560-8ed8-7f0c1465ad2e,algebraist.asia,available,1.98,18.98,medium,low,10,namecheap,,,18/09/2026 06:55
c25990e0-cb4c-4bd2-ba8a-5b5457060afd,synchronise.asia,available,2.59,13.49,high,low,11,namesilo,,,
a6fbb845-20d6-4acf-aa31-a2c7648c1b27,antic.asia,available,1.98,18.98,high,low,5,namecheap,,,
3d7a5fc4-4ba3-4736-a2b6-2e994547cc5c,fixedly.asia,available,1.98,18.98,low,low,7,namecheap,,,14/09/2026 18:44
a6721583-4159-4c69-90e2-45d58424cb78,believed.asia,available,2.79,13.49,medium,low,8,namesilo,,,17/09/2026 00:11
aaf88140-ff4f-4649-8405-2313134ab3f0,satellites.asia,available,2.59,13.49,high,low,10,namesilo,,,
e1f4f92a-9d09-4413-b817-c513d036e33e,meaty.asia,available,1.98,18.98,high,low,5,namecheap,,,24/08/2026 18:35
eda18bff-ab4c-4f44-9cd4-fd6d21a2a718,satisfactory.asia,available,2.59,13.49,high,low,12,namesilo,,,
d417a1f9-ab24-4e47-948b-e31109ff444b,booklover.asia,available,2.79,13.49,high,low,9,namesilo,,,23/09/2026 12:51
ed0e3142-41e5-4dfa-b70a-9cd0caf51400,archangel.asia,available,2.79,13.49,high,low,9,namesilo,,,19/09/2026 05:59
4604faaa-2042-4bf5-9166-1cc31ce3692d,cubistic.asia,available,1.98,18.98,medium,low,8,namecheap,,,13/08/2026 10:05
6ad5f4bd-8618-4527-990b-41a0c405b6b8,orwellian.asia,available,1.98,18.98,medium,low,9,namecheap,,,04/09/2026 18:08
fcf55077-0449-4273-b002-5f57c075f075,aestival.asia,available,1.98,18.98,medium,low,8,namecheap,,,
39df99a9-c20e-4779-be6a-afc77b555c94,dodgy.asia,available,1.98,18.98,high,low,5,namecheap,,,12/08/2026 01:46
92aad6bc-f6a3-449b-a90f-c14ade553d8e,prescription.asia,available,2.59,13.49,high,low,12,namesilo,,,
6a62fb9b-ee50-4ceb-bd2e-56a4abe59d50,aerobatics.asia,available,2.79,13.49,high,low,10,namesilo,,,17/09/2026 12:53
d2238ad9-a67a-4811-b1d8-8b389cee8d79,wittily.asia,available,2.79,13.49,medium,low,7,namesilo,,,16/09/2026 11:35
28d8f50f-a732-4920-bf46-6df38600dbbf,aluminium.asia,resell,,,high,low,9,"GoDaddy.com, LLC",03/06/2008 07:01,03/06/2027 07:01,26/09/2026 03:49
6c8346e7-96cd-4686-ab71-a8af73ce8baf,sack.asia,available,1.98,18.98,high,low,4,namecheap,,,03/09/2026 15:56
371340fa-0517-46d4-8d7a-ea8783d40fd9,tame.asia,available,1.98,18.98,high,low,4,namecheap,,,11/09/2026 07:40
db6a1d1b-dab7-47ca-a2fb-0e6cc6998e02,scoff.asia,available,1.98,18.98,medium,low,5,namecheap,,,22/08/2026 12:41
f810a4ab-ecef-476d-a5a3-d7bfd720d9cf,seraphic.asia,available,1.98,18.98,high,low,8,namecheap,,,12/08/2026 04:26
8cec5ce5-7423-4c5f-ac61-989dfd39a10c,ripening.asia,available,1.98,18.98,high,low,8,namecheap,,,
fbc41c07-5772-4f50-acec-3fead7319382,dignity.asia,available,2.59,13.49,high,low,7,namesilo,,,
9b459bea-6e5c-4bb1-9574-5deba882ca48,asala.asia,available,1.98,18.98,medium,low,5,namecheap,,,16/09/2026 12:33
577b434e-269c-4e4d-9bfc-349a07d88231,repeatable.asia,available,1.98,18.98,medium,low,10,namecheap,,,09/09/2026 09:08
98ce9b50-362d-420b-9ff3-bf896b9231e8,aerophagia.asia,available,2.79,13.49,medium,low,10,namesilo,,,17/09/2026 13:11
8c657ef5-838e-4ced-8609-fe51d8b766c5,infatuated.asia,available,1.98,18.98,high,low,10,namecheap,,,16/08/2026 21:11
b7f6d4d2-0b4c-48c4-83fb-d6c28113de31,noseless.asia,available,1.98,18.98,low,low,8,namecheap,,,03/09/2026 21:47
cee394a0-e874-4ffc-8425-d91e1e8bb318,carbonado.asia,available,2.79,13.49,medium,low,9,namesilo,,,24/09/2026 00:32
c92145b5-fbb9-4e6b-a0cf-7e1231788b23,disassemble.asia,available,2.59,13.49,high,low,11,namesilo,,,
033d13a9-80c9-48ea-aa75-fd9d220f6553,advisement.asia,available,2.79,13.49,medium,low,10,namesilo,,,17/09/2026 11:32
4ff04856-4596-4008-8058-3e0304184308,wanness.asia,available,2.79,13.49,medium,low,7,namesilo,,,17/09/2026 01:08
b6e952e7-0060-4556-8f70-37d8236829ad,scowling.asia,available,1.98,18.98,medium,low,8,namecheap,,,09/08/2026 08:33
08542f95-5f42-482a-99e7-5585bb10a9df,dietetic.asia,available,1.98,18.98,medium,low,8,namecheap,,,14/08/2026 06:56
d94258b9-c2ad-4dcc-b709-d8ba96eb9c41,patches.asia,available,2.79,13.49,medium,low,7,namesilo,,,17/09/2026 08:45
2921b742-19e8-4959-81ff-2ea7bfe4566f,astrology.asia,resell,,,high,low,9,Vautron Rechenzentrum AG,03/02/2008 20:31,03/02/2027 20:31,26/09/2026 04:05
e8b3fae9-b87c-4003-a610-bdd855538b78,tennyson.asia,available,2.79,13.49,medium,low,8,namesilo,,,18/09/2026 06:38
f522e013-9d1e-496d-b794-49f6b0b387a3,impound.asia,available,1.98,18.98,high,low,7,namecheap,,,12/08/2026 21:04
2b8e460e-01f7-4187-a7d2-9981da804870,philly.asia,available,2.59,13.49,high,low,6,namesilo,,,
bf81e4e4-9596-4df4-9d98-c0ca22b012e2,sisterly.asia,available,1.98,18.98,high,low,8,namecheap,,,10/09/2026 08:52
f8f86160-e52b-44b9-a06a-56375b0443f9,baguet.asia,available,1.98,18.98,medium,low,6,namecheap,,,21/09/2026 18:30
499dcafd-6afa-42fa-b4ce-73e93d1d19ee,cheesecakes.asia,available,1.98,18.98,medium,low,11,namecheap,,,08/09/2026 07:37
9650b87d-aad8-4938-b91f-72cf403cb9da,jail.asia,available,2.79,13.49,high,low,4,namesilo,,,27/09/2026 04:20
5913009b-b1d8-486a-955b-c7ad176e1071,ballpoint.asia,available,2.79,13.49,high,low,9,namesilo,,,21/09/2026 23:21
38a18bc9-70a8-406a-b17a-4e0f1658d3a9,khomeini.asia,available,2.79,13.49,high,low,8,namesilo,,,21/09/2026 10:36
47edf734-62aa-4ab0-bb78-1c3a30081036,unemployed.asia,available,2.79,13.49,medium,low,10,namesilo,,,25/09/2026 15:03
1493bb52-1158-4470-b2a0-4fae6ad4aeda,whisking.asia,available,2.59,13.49,high,low,8,namesilo,,,
8f822837-8e34-4df1-a4d6-9078bfff3800,birmingham.asia,available,1.98,18.98,high,low,10,namecheap,,,11/08/2026 06:43
6ef9e8cf-379e-4f84-9c7b-5fd8925baf4d,stupid.asia,available,2.19,13.49,high,low,6,namesilo,,,
a46647a9-6bd4-408c-9688-697db8303010,handy.asia,available,1.98,18.98,high,low,5,namecheap,,,20/08/2026 23:39
0adbc487-5c16-4387-acc4-b338836995b6,tenderness.asia,available,2.79,13.49,high,low,10,namesilo,,,17/09/2026 14:18
994bfbb3-2dba-410b-afd5-9b05e09bc18f,awakened.asia,available,2.79,13.49,high,low,8,namesilo,,,22/09/2026 14:47
42b44353-2039-42af-a71c-a8fdf0c3de9d,fatalist.asia,available,1.98,18.98,medium,low,8,namecheap,,,17/08/2026 23:29
620a3acb-eebf-4f82-b5c2-56d8663d5c0b,alate.asia,available,1.98,18.98,medium,low,5,namecheap,,,
07a1bfa4-de65-4980-856c-570c53372b6c,baboo.asia,available,2.79,13.49,high,low,5,namesilo,,,21/09/2026 12:51
9996c8c3-ad22-4c6e-b35f-0e71cbc88232,sing.asia,resell,,,high,low,4,"GoDaddy.com, LLC",15/07/2008 07:04,15/07/2027 07:04,26/09/2026 09:02
5032bca4-ef93-403a-a295-4d31fe271575,rheumatoid.asia,available,1.98,18.98,medium,low,10,namecheap,,,06/08/2026 23:10
03f159ea-897c-4a84-8fbd-203683d20883,assur.asia,available,2.79,13.49,medium,low,5,namesilo,,,20/09/2026 16:41
dc4840ee-a629-4bf8-8013-05bb8ca8f65d,stressful.asia,available,1.98,18.98,medium,low,9,namecheap,,,03/09/2026 15:42
302224d2-b9cc-4821-a084-801b5c1f1903,tinkly.asia,available,1.98,18.98,medium,low,6,namecheap,,,11/09/2026 16:15
570d4553-bf4f-4c7c-97e3-303265012cfb,parietal.asia,available,1.98,18.98,medium,low,8,namecheap,,,08/09/2026 01:33
2f1c3c50-7bd1-4602-9bc6-cc48805facc4,changed.asia,available,1.98,18.98,high,low,7,namecheap,,,12/08/2026 01:53
e61a7b7b-877d-46fa-9ddc-b13f2918f14b,unafraid.asia,available,1.98,18.98,high,low,8,namecheap,,,10/09/2026 01:28
a90a827e-1544-44ea-92b9-39e89cccdb5d,archine.asia,available,2.79,13.49,medium,low,7,namesilo,,,20/09/2026 02:10
54b2fff1-4aaa-41a3-b4d7-f7108c8760a3,superlunar.asia,available,1.98,18.98,medium,low,10,namecheap,,,11/09/2026 02:21
429e3418-b955-47fd-a821-dd4c678e0182,generative.asia,available,1.98,18.98,high,low,10,namecheap,,,18/08/2026 21:24
be1f1d32-a3ae-4d17-945a-6790dba620b4,allegheny.asia,available,2.79,13.49,medium,low,9,namesilo,,,18/09/2026 10:28
32b2de32-f980-4ab1-a152-b7b256a2b28e,horrified.asia,available,1.98,18.98,medium,low,9,namecheap,,,21/08/2026 14:14
7a09ff6f-820a-4752-afb2-0fcfa03fb755,polyvalent.asia,available,1.98,18.98,high,low,10,namecheap,,,08/09/2026 23:35
11acf4c9-fb19-427a-b490-2b252f063bd9,maudlin.asia,available,,,medium,low,7,,,,
53c3ede7-c7a0-4b7a-90de-fe72ac654f6d,geographic.asia,available,1.98,18.98,high,low,10,namecheap,,,18/08/2026 22:27
87895556-9e9a-42d4-9fa8-c025ba9b894b,ballot.asia,available,1.98,18.98,high,low,6,namecheap,,,21/09/2026 23:15
8c137729-cb73-4645-b4bf-ca76812be413,swain.asia,available,1.98,18.98,high,low,5,namecheap,,,22/09/2026 21:56
71a1bd0e-e42e-4cf8-bdd6-ffbf561ee79d,speciality.asia,available,1.98,18.98,high,low,10,namecheap,,,18/08/2026 12:32
91377c8e-e29f-4053-8ce6-1047232aee26,unethical.asia,available,1.98,18.98,medium,low,9,namecheap,,,12/09/2026 09:19
7153cd47-9997-4d33-98fd-be792c53a53c,aldebaran.asia,available,2.79,13.49,medium,low,9,namesilo,,,18/09/2026 04:20
01aa9a0c-bdcf-456a-9286-779d7814a765,umpteenth.asia,available,1.98,18.98,medium,low,9,namecheap,,,11/09/2026 23:09
a823db6a-7445-4783-bb7c-e1b757b37b59,drifter.asia,available,1.98,18.98,medium,low,7,namecheap,,,13/09/2026 00:50
3ef8d59b-4334-4f20-9188-b1fef4c15c7f,stephens.asia,available,2.79,13.49,high,low,8,namesilo,,,25/09/2026 15:57
17be8076-f9b9-4008-b13a-ea66382bd4d9,unspent.asia,available,1.98,18.98,medium,low,7,namecheap,,,12/09/2026 09:36
c850b0a2-bdaf-46f4-b4dc-c3b668f9e88c,geologic.asia,available,1.98,18.98,high,low,8,namecheap,,,18/08/2026 22:30
c39d8da9-514b-4909-9098-7272ef5deeb8,petallike.asia,available,1.98,18.98,medium,low,9,namecheap,,,08/09/2026 18:13
0105f47f-1175-4dd2-baf9-42d44b1f21a2,untenable.asia,available,1.98,18.98,medium,low,9,namecheap,,,22/08/2026 02:35
5abf6a3c-6469-4920-8d1b-42efb3aa387a,scattering.asia,available,2.79,13.49,high,low,10,namesilo,,,24/09/2026 22:59
8381399e-a203-4d38-8c17-07c3f86300db,suspense.asia,available,2.99,,high,low,8,name.com,,,
d5c553ad-b3f9-40f2-85d5-ba12ee8a4998,lowlife.asia,available,1.98,18.98,medium,low,7,namecheap,,,11/08/2026 09:22
de072362-dd02-4629-8b07-0a22b448164f,fruitless.asia,available,1.98,18.98,medium,low,9,namecheap,,,10/08/2026 19:39
16d24338-c404-4d17-9003-5b781736a8ea,sported.asia,available,2.79,13.49,medium,low,7,namesilo,,,20/09/2026 16:50
bd87bc30-4001-42c0-8c11-f4db286b0872,argil.asia,available,2.79,13.49,medium,low,5,namesilo,,,20/09/2026 04:20
08cba81d-8f82-4115-90be-c76c49b3343f,quivering.asia,available,1.98,18.98,medium,low,9,namecheap,,,11/09/2026 19:15
9ebc3454-c65a-4703-98d0-43fe19af3dbd,muted.asia,available,1.98,18.98,high,low,5,namecheap,,,21/08/2026 15:56
5cdffbd2-526b-498c-86f9-a43afd47bac3,rangy.asia,available,1.98,18.98,medium,low,5,namecheap,,,18/08/2026 20:13
ec8b2bc2-be65-4a12-8244-2be819cb560e,widely.asia,available,2.59,13.49,high,low,6,namesilo,,,
27f79ecb-ef7f-4f37-97e0-36ed2443bc0d,epistemic.asia,available,1.98,18.98,medium,low,9,namecheap,,,17/08/2026 11:13
35db0a5b-2e51-43aa-b11f-a3523b3049c8,thresher.asia,available,2.79,13.49,medium,low,8,namesilo,,,18/09/2026 13:23
e8db3180-8f48-433c-9a53-e9b15821ea7d,prodigal.asia,available,1.98,18.98,high,low,8,namecheap,,,09/09/2026 02:36
f46f893a-ff72-4471-b43f-19cead95381d,coiled.asia,available,1.98,18.98,medium,low,6,namecheap,,,12/08/2026 16:07
bd75ae31-848d-45f3-9ef9-d323c6856770,radiation.asia,available,2.79,13.49,high,low,9,namesilo,,,17/09/2026 04:59
e751f609-4a15-4241-9c64-f7be39d6e3e5,peed.asia,available,2.79,13.49,medium,low,4,namesilo,,,18/09/2026 08:17
b1f8fc2b-2f6d-4284-9bd1-d19887fdab9a,enduring.asia,available,1.98,18.98,high,low,8,namecheap,,,
22c35ede-8c18-4c82-ac01-c15eb60ac1f2,stunning.asia,available,2.79,13.49,high,low,8,namesilo,,,22/09/2026 08:34
c84b921e-e4e4-44b9-b5b4-1f175fcc16f0,flukey.asia,available,1.98,18.98,medium,low,6,namecheap,,,18/08/2026 09:20
078e3179-909d-4416-9f28-2754780c8ba0,downscale.asia,available,1.98,18.98,medium,low,9,namecheap,,,14/08/2026 17:52
e176997e-6011-41b7-86a2-1ae731e1fa4d,priestly.asia,available,1.98,18.98,medium,low,8,namecheap,,,21/08/2026 08:22
28942600-818b-4fb5-92b2-2d6f66473ea3,rip.asia,resell,,,high,low,3,1API GmbH,17/07/2008 07:06,17/07/2027 07:06,26/09/2026 08:41
bcf6fa35-8d69-42da-84d6-bf8353866a78,broadloom.asia,available,1.98,18.98,medium,low,9,namecheap,,,11/08/2026 04:59
36a52e46-6cce-4263-b96b-8650e5fb23f9,openings.asia,available,1.98,18.98,medium,low,8,namecheap,,,20/09/2026 17:50
b5127fdd-950c-4dc2-b974-ec6a3b583a02,amorpha.asia,available,1.98,18.98,medium,low,7,namecheap,,,18/09/2026 22:43
70e997c5-9b17-44cb-bee8-987607d2fc42,breathed.asia,available,1.98,18.98,medium,low,8,namecheap,,,11/08/2026 03:16
2241e96f-9cd9-4b1f-a1ac-b02779369ec9,agenesis.asia,available,2.79,13.49,medium,low,8,namesilo,,,17/09/2026 17:08
a26fb192-9479-4f6e-b74c-c6575557bea7,pimiento.asia,available,19.99,20.99,medium,low,8,name.com,,,23/09/2026 05:38
01f41ab2-73ec-423a-9aa6-2514df920bd1,associate.asia,available,1.98,18.98,high,low,9,namecheap,,,07/08/2026 06:50
83d347e8-82ea-457e-9bbb-6d90589f6a16,bump.asia,available,2.79,13.49,high,low,4,namesilo,,,24/09/2026 08:30
4b7ee7cf-794a-495a-944c-883eff913c67,folder.asia,available,2.99,,high,low,6,name.com,,,
640131b8-c8eb-4c41-804c-59b0a495c184,bollard.asia,available,1.98,18.98,medium,low,7,namecheap,,,23/09/2026 22:48
6795adbe-1c98-422a-b159-bd5a42dcc12d,federate.asia,available,1.98,18.98,high,low,8,namecheap,,,18/08/2026 00:36
c703ab19-ec81-4031-8df7-ca248644893c,lois.asia,available,2.79,13.49,medium,low,4,namesilo,,,25/09/2026 15:30
aff46519-2aa6-4237-ab45-351378acb370,sequential.asia,available,1.98,18.98,high,low,10,namecheap,,,10/09/2026 04:27
eeb298ea-4f65-4e34-9895-107d118b6fef,beadwork.asia,available,1.98,18.98,high,low,8,namecheap,,,22/09/2026 19:29
97558300-a150-4f26-9f0c-3aabce4913c7,ashley.asia,available,2.79,13.49,high,low,6,namesilo,,,25/09/2026 17:12
0910c668-77bf-4d89-a6ad-ef6fd88ef6b3,somersault.asia,available,1.98,18.98,high,low,10,namecheap,,,18/08/2026 08:25
c41f8a62-7f26-41fc-b396-b1138ae7b563,nodular.asia,available,1.98,18.98,medium,low,7,namecheap,,,03/09/2026 18:06
36775c74-9c70-44c9-9624-a01c6c10d5f6,screwy.asia,available,1.98,18.98,medium,low,6,namecheap,,,10/09/2026 00:08
bb514972-bcbb-48e3-8dcd-9bc7bd1d6b73,banned.asia,available,1.98,18.98,medium,low,6,namecheap,,,08/08/2026 13:44
eca1ca93-5753-4aa0-9990-a8f7099c1f65,tortured.asia,available,1.98,18.98,medium,low,8,namecheap,,,
7a8b4c33-fd37-4fb9-a711-6c4e0b76a77b,deceitful.asia,available,1.98,18.98,medium,low,9,namecheap,,,13/08/2026 21:06
ab9c6ba8-29e7-4919-9ab1-7049385d12be,execution.asia,available,2.59,13.49,high,low,9,namesilo,,,
462293d9-67c9-48f9-a706-6b6afe199cb1,drool.asia,available,2.79,13.49,high,low,5,namesilo,,,21/09/2026 23:48
5797a99a-462d-4a4c-9e5b-51276892633c,edgy.asia,available,1.98,18.98,high,low,4,namecheap,,,15/08/2026 08:39
d6eadc34-fd80-405b-851e-5a57051e05fb,decayed.asia,available,1.98,18.98,medium,low,7,namecheap,,,13/08/2026 20:59
b16e3c56-7b17-40eb-93a0-6b5546860fb0,procedural.asia,available,1.98,18.98,high,low,10,namecheap,,,09/09/2026 02:31
fe7a7b1d-74c0-4b98-bcd4-943ef61b67bd,benzyl.asia,available,2.79,13.49,high,low,6,namesilo,,,23/09/2026 09:03
5489f942-56ef-40d6-afdb-69f0f8ce053d,unpunished.asia,available,1.98,18.98,medium,low,10,namecheap,,,12/09/2026 17:37
d1f8fdd2-5112-42ce-bec8-a807b807643f,blows.asia,available,2.79,13.49,low,low,5,namesilo,,,25/09/2026 16:53
0a4d2335-eeac-4af1-9b2d-de7ae609bf0b,chicness.asia,available,1.98,18.98,high,low,8,namecheap,,,12/08/2026 04:44
9a9024a5-1ec2-4ed8-a33d-77a2655cb3f2,persistent.asia,available,1.98,18.98,high,low,10,namecheap,,,14/08/2026 14:58
ccbdb54c-69f4-4b6e-b7d2-4b48d8901029,bodiless.asia,available,1.98,18.98,medium,low,8,namecheap,,,10/08/2026 16:48
7d31b1f2-7bda-4beb-8484-025417fb0452,faithfully.asia,available,1.98,18.98,high,low,10,namecheap,,,14/09/2026 11:42
cf0415df-ead8-40f4-a8eb-e31ce70006cc,exultant.asia,available,1.98,18.98,high,low,8,namecheap,,,17/08/2026 19:42
24041f80-160f-431a-ba65-b0c57dcf53dc,monatomic.asia,available,1.98,18.98,medium,low,9,namecheap,,,25/08/2026 04:12
68cb05cd-dbab-4110-aeb3-46f9f981121a,boredom.asia,available,2.79,13.49,medium,low,7,namesilo,,,24/09/2026 07:28
e52b7faa-c8f5-47b5-bddb-8a19f84f4264,lookouts.asia,available,2.79,13.49,medium,low,8,namesilo,,,18/09/2026 10:55
26625dda-24a2-4c49-a46e-8bb8423a7d9f,puglia.asia,available,2.79,13.49,high,low,6,namesilo,,,19/09/2026 22:41
e5f7a832-f138-4f42-92f1-b9a79826edbe,guggenheim.asia,available,2.79,13.49,high,low,10,namesilo,,,27/09/2026 04:18
4b26293f-a085-4ceb-b8ab-40f97a0fa00c,able.asia,resell,,,high,low,4,"Spaceship, Inc.",25/09/2025 03:57,25/09/2027 03:57,26/09/2026 01:18
a1510abd-e0c3-4401-9cf8-8b8543eea341,sportive.asia,available,1.98,18.98,medium,low,8,namecheap,,,12/08/2026 18:10
8b2668e3-ebae-47ca-949c-0bea1519d6e8,uniformly.asia,available,2.79,13.49,medium,low,9,namesilo,,,16/09/2026 10:05
d0a03383-5f0a-429b-9a4a-cdd969ac5dab,rockers.asia,available,2.79,13.49,high,low,7,namesilo,,,23/09/2026 15:34
395b293f-07ad-4d39-9817-922384fd927d,unspoiled.asia,available,1.98,18.98,high,low,9,namecheap,,,12/09/2026 07:08
f814e0d1-eadb-4cff-8226-685b112c4417,bighorn.asia,available,1.98,18.98,high,low,7,namecheap,,,23/09/2026 15:10
ab9ba435-18e7-42a8-8c34-d74371e0f807,avian.asia,available,1.98,18.98,high,low,5,namecheap,,,07/08/2026 23:17
808b3abb-5ab2-4d82-b4cb-d0fbeb600990,improvable.asia,available,1.98,18.98,medium,low,10,namecheap,,,21/08/2026 23:14
22c1ac39-0e35-4835-9077-0a904ff5e5d6,alleviant.asia,available,1.98,18.98,medium,low,9,namecheap,,,04/09/2026 23:46
6186db62-4e48-4b72-9d02-b6baf920f729,latitude.asia,available,2.59,13.49,high,low,8,namesilo,,,
d5fde666-7e34-46d1-8302-db86d0a9aee3,bitterness.asia,available,2.79,13.49,medium,low,10,namesilo,,,17/09/2026 03:08
c25fc8e6-af22-407d-9568-5ec79e8f3976,authorizer.asia,available,1.98,18.98,medium,low,10,namecheap,,,21/09/2026 05:13
aa4da8ce-10b2-41af-a3f9-efb68a0c303f,balboa.asia,available,1.98,18.98,high,low,6,namecheap,,,21/09/2026 21:24
2806ef8c-fd9b-4b61-b6db-d541f7d0eaf2,markedly.asia,available,1.98,18.98,medium,low,8,namecheap,,,15/09/2026 13:31
2299e7b7-51e3-4247-9ee2-080a8673db3a,adnexa.asia,available,2.79,13.49,medium,low,6,namesilo,,,17/09/2026 09:05
95be631a-1bec-4c33-b1a8-a663741f6925,heathen.asia,available,1.98,18.98,high,low,7,namecheap,,,18/08/2026 21:55
f0a5494f-94c4-4f96-9da3-f383d317f136,among.asia,available,2.59,13.49,high,low,5,namesilo,,,
33851595-2a60-4f0a-ab86-17ef92729eca,hardly.asia,available,2.99,,high,low,6,name.com,,,
f300bc36-15ef-4bba-9663-e7632bba42ce,reveals.asia,available,2.79,13.49,medium,low,7,namesilo,,,20/09/2026 06:30
441a4c19-7257-4250-9dab-debc969f672f,pissed.asia,available,2.19,13.49,medium,low,6,namesilo,,,
eccbf05b-71dd-4c5b-87ce-3ba56ec0327c,reception.asia,available,2.59,13.49,high,low,9,namesilo,,,
0d99c31e-17e1-4232-8e28-ab85192236c5,seaworthy.asia,available,1.98,18.98,high,low,9,namecheap,,,10/09/2026 01:05
fb866cf9-1e09-4a74-8492-2ff5f56b6f35,homologous.asia,available,1.98,18.98,medium,low,10,namecheap,,,21/08/2026 12:58
cfca96b0-72da-4cee-9acc-f51f53c40e78,idiocy.asia,available,1.98,18.98,medium,low,6,namecheap,,,18/09/2026 18:58
89968478-aec0-4c05-aca3-ce34cf57d2f7,rotted.asia,available,1.98,18.98,medium,low,6,namecheap,,,13/08/2026 21:01
9a6604b8-e088-40c3-b8d8-0130088c9249,atropine.asia,available,2.79,13.49,medium,low,8,namesilo,,,21/09/2026 01:00
94e30b28-eb20-446a-8792-9e0d31b3dcb8,marrow.asia,available,1.98,18.98,high,low,6,namecheap,,,14/09/2026 23:46
4c8738cb-3198-4546-9c38-ecdf84cb85c2,morgue.asia,available,1.98,18.98,high,low,6,namecheap,,,25/08/2026 06:42
a4603153-d718-4fd3-8dcf-33b7644d8382,brochure.asia,available,2.79,13.49,high,low,8,namesilo,,,24/09/2026 07:07
7494d083-3b3f-4ce9-a1b3-e9e2eef3b318,artfully.asia,available,1.98,18.98,medium,low,8,namecheap,,,13/09/2026 20:53
34b4d044-e1c1-4abf-b796-d1190d2cb911,fleecy.asia,available,1.98,18.98,medium,low,6,namecheap,,,18/08/2026 07:42
2488686f-6d8a-47ba-ab7b-e4a8a9ee1449,humanoid.asia,resell,,,high,medium,8,Dynadot Inc,15/02/2026 17:00,15/02/2027 17:00,26/09/2026 06:45
41783169-e26a-4836-b90e-12de9d1e2d25,credendum.asia,available,2.79,13.49,medium,low,9,namesilo,,,20/09/2026 11:13
3679b2ab-e5f6-4d85-b98c-dd776069bb5c,lengthwise.asia,available,1.98,18.98,medium,low,10,namecheap,,,22/08/2026 23:38
c7378fec-19ca-460a-83f5-45180568d443,fiction.asia,available,2.99,,high,low,7,name.com,,,
557822fe-ad07-4497-9eb4-8cf343c992ca,skeletal.asia,available,1.98,18.98,high,low,8,namecheap,,,10/08/2026 19:00
b0d38350-2b90-40ba-b2be-f6f453e1d799,lingually.asia,available,1.98,18.98,medium,low,9,namecheap,,,15/09/2026 12:28
f361a7e1-cf8b-49cf-a3c1-b08ea937fc57,dorsum.asia,available,1.98,18.98,medium,low,6,namecheap,,,08/08/2026 05:12
e2d07925-756f-4b99-aa87-10b806ca2364,fulgurous.asia,available,2.99,20.99,medium,low,9,name.com,,,13/08/2026 19:01
394e52e7-4724-470d-aa7d-b7a09448c071,pugnacious.asia,available,1.98,18.98,medium,low,10,namecheap,,,21/08/2026 00:21
bc1e12fd-6e82-4518-a441-e3f664d7fcfe,pellagra.asia,available,2.79,13.49,medium,low,8,namesilo,,,18/09/2026 13:55
f2dc640e-641e-4f9a-b58a-089f7c352031,depository.asia,available,2.79,13.49,high,low,10,namesilo,,,24/09/2026 21:58
4016c9ec-b807-4895-b1df-0bda3d93401f,repelling.asia,available,1.98,18.98,medium,low,9,namecheap,,,14/08/2026 10:43
e2345fbf-60cb-4078-9378-923a217c3170,forrest.asia,available,2.79,13.49,high,low,7,namesilo,,,25/09/2026 12:36
1b2bf932-a277-43b5-987b-15a8acba8981,enjoyed.asia,available,2.79,13.49,medium,low,7,namesilo,,,25/09/2026 20:42
c0e84c9a-570f-4b65-805c-d131ceb0ccba,condone.asia,available,2.59,13.49,high,low,7,namesilo,,,
9afb2d6f-b16e-4dc2-b842-0648eb165709,ailanthus.asia,available,1.98,18.98,medium,low,9,namecheap,,,17/09/2026 21:07
a84548ea-9658-4c8a-b25b-5675c4b7324f,badness.asia,available,1.98,18.98,medium,low,7,namecheap,,,08/08/2026 07:23
e0cd9b72-c220-4c89-a66f-9820e834160f,determination.asia,available,1.98,18.98,high,low,13,namecheap,,,19/09/2026 18:25
619aabae-8b7a-4ecd-b441-3ed063e0da07,withered.asia,available,1.98,18.98,medium,low,8,namecheap,,,14/08/2026 19:11
f7067fb8-1607-448a-aa88-502eafa7ad9e,supporter.asia,available,1.98,18.98,high,low,9,namecheap,,,22/09/2026 10:07
4e546237-1816-4182-9043-726e7bdae9b2,albanian.asia,available,1.98,18.98,high,low,8,namecheap,,,
d162ebc3-a8e4-4f4c-8e82-49f6c18319ba,bighearted.asia,available,1.98,18.98,high,low,10,namecheap,,,09/08/2026 20:48
69794c97-599d-4d72-b2a5-d4b9423f7ed6,soothes.asia,available,2.79,13.49,medium,low,7,namesilo,,,20/09/2026 05:20
d8830eb8-9d63-4550-991f-d092845b1fca,outflank.asia,available,1.98,18.98,medium,low,8,namecheap,,,09/08/2026 17:48
792693bb-17d3-43d4-a967-293d67ff0881,sultrily.asia,available,1.98,18.98,medium,low,8,namecheap,,,16/09/2026 01:00
5d78620f-ca98-48c9-b88f-949e70bea7b6,diplomate.asia,available,2.59,13.49,high,low,9,namesilo,,,
c54b4f79-cf45-4e8a-8944-737c4aea776d,lawrence.asia,available,2.79,13.49,high,low,8,namesilo,,,25/09/2026 04:32
1db43350-4982-4b0b-bbf7-1fe142b12024,amusing.asia,available,1.98,18.98,high,low,7,namecheap,,,
c636bdbe-77d0-4dff-9447-80011ed2672e,avenger.asia,available,2.79,13.49,high,low,7,namesilo,,,21/09/2026 08:56
179b01d7-deca-4529-ba98-5363011f5207,attendee.asia,available,2.79,13.49,high,low,8,namesilo,,,21/09/2026 01:26
d83d46cd-2ea0-47b1-908b-8b9896d6a34e,jammed.asia,available,1.98,18.98,medium,low,6,namecheap,,,22/08/2026 12:07
3c5dde4b-aaa4-4f06-a3b1-896e173af0b5,tin.asia,available,2.59,13.49,high,low,3,namesilo,,,
3b815d52-612e-42f7-9f74-c6ed3124afad,marginal.asia,available,1.98,18.98,high,low,8,namecheap,,,23/09/2026 00:04
a05dc919-24a2-4ff8-901c-15290c98efc1,execrable.asia,available,1.98,18.98,medium,low,9,namecheap,,,
d4f94405-1fd0-4a18-98f9-63dc4e2aaa93,internally.asia,available,1.98,18.98,medium,low,10,namecheap,,,15/09/2026 09:01
0ae03f9e-c2d4-4cd8-a969-0f084f3e2162,vermicular.asia,available,1.98,18.98,medium,low,10,namecheap,,,13/09/2026 02:27
1c8cc884-68f4-43f1-b9f0-9bbec1a50b52,recognized.asia,available,1.98,18.98,high,low,10,namecheap,,,21/09/2026 15:28
455a600c-5c21-4adc-894e-bfd596a8f9d0,infra.asia,resell,,,high,low,5,"Spaceship, Inc.",15/01/2026 17:04,15/01/2027 17:04,26/09/2026 06:52
4d36d799-9d2e-4a30-ae33-5539d3a2d61f,rosacea.asia,available,1.98,18.98,medium,low,7,namecheap,,,17/09/2026 01:59
62047e7f-bbf6-4033-b9b0-ad40cebf3471,auditive.asia,available,1.98,18.98,medium,low,8,namecheap,,,07/08/2026 16:49
bed9b5c0-6f19-4c42-92f8-39aec4563dbd,humiliated.asia,available,1.98,18.98,medium,low,10,namecheap,,,21/08/2026 15:03
7cc563e3-d38d-4b74-a6b7-23fa61aa017c,dignitary.asia,available,2.59,13.49,high,low,9,namesilo,,,
7ee8249b-d936-408e-baf5-8522ede8c7ab,estragon.asia,available,2.79,13.49,medium,low,8,namesilo,,,20/09/2026 10:19
8d79c672-d7ed-4a5d-9bda-27efadb8af38,beguine.asia,available,2.79,13.49,medium,low,7,namesilo,,,23/09/2026 02:59
fc1e3a58-856f-4924-bf81-a84fb8bf7f9d,resulted.asia,available,2.79,13.49,medium,low,8,namesilo,,,19/09/2026 00:26
e123286f-fee9-4eba-b0bf-629d64c3624c,pakistani.asia,available,1.98,18.98,high,low,9,namecheap,,,04/09/2026 23:13
7606b872-0451-42d0-9965-6923bccd30a2,croak.asia,available,1.98,18.98,medium,low,5,namecheap,,,24/09/2026 19:33
b0ec12d7-0dc9-4d22-8499-bfcdaeaea8f7,eruptive.asia,available,1.98,18.98,medium,low,8,namecheap,,,17/08/2026 13:12
5131eeb6-7c6d-4c36-bdaf-9c1639d0c1ae,motionless.asia,available,1.98,18.98,medium,low,10,namecheap,,,25/08/2026 07:28
0195f6c1-1be7-4a20-a4ac-7a1a6de23264,taleteller.asia,available,1.98,18.98,medium,low,10,namecheap,,,11/09/2026 10:32
8b098fa0-654c-484d-9cdb-263d21783ccc,windless.asia,available,1.98,18.98,medium,low,8,namecheap,,,13/09/2026 12:14
1725c482-2941-457e-9797-615c8dd68304,greylag.asia,available,2.79,13.49,medium,low,7,namesilo,,,19/09/2026 12:07
883ea8ab-16ce-408a-bf38-2a9b948953b9,bother.asia,available,2.79,13.49,medium,low,6,namesilo,,,24/09/2026 07:29
4a7dd106-cc4c-4ba6-b7e1-25c80e7c11ce,contextual.asia,available,1.98,18.98,high,low,10,namecheap,,,12/08/2026 23:13
fb3ae353-9444-46bd-b498-b03c7e9cd648,faddish.asia,available,1.98,18.98,medium,low,7,namecheap,,,17/08/2026 20:33
e06c54a0-d67e-442f-a9e0-5711cda14704,unpressed.asia,available,1.98,18.98,low,low,9,namecheap,,,12/09/2026 17:24
f6db93f3-b2a6-4718-b674-200407052022,stomach.asia,available,2.79,13.49,high,low,7,namesilo,,,16/09/2026 14:47
7303dbd0-8d14-4ff9-89c8-a34f5da993c2,axiomatic.asia,available,,,medium,low,9,,,,
aa483dd7-81a3-49b1-9a24-a048dc78f00a,planless.asia,available,1.98,18.98,medium,low,8,namecheap,,,
23dcba3b-44ed-44d9-9998-dd6a7ee9ed8e,oxfam.asia,available,2.59,13.49,high,low,5,namesilo,,,
50749adc-e177-4b85-bf8c-73d5a3947f82,ungodly.asia,available,1.98,18.98,medium,low,7,namecheap,,,22/08/2026 05:29
7afc4d05-c503-40b8-9110-986d6b09e50e,solvable.asia,available,2.19,13.49,high,low,8,namesilo,,,
09247230-2502-4cdf-8388-31dc62b867c9,hock.asia,available,1.98,18.98,high,low,4,namecheap,,,09/09/2026 16:33
bfe3d87d-d24e-4e1c-a67c-5dee87f22649,unemployment.asia,available,2.59,13.49,high,low,12,namesilo,,,
eaddbd22-e97a-4ad5-a3c2-9de6824d0fbb,thumbs.asia,available,2.79,13.49,medium,low,6,namesilo,,,18/09/2026 14:13
0007a480-749d-4f82-b3c9-2f179b2177c0,sanative.asia,available,1.98,18.98,medium,low,8,namecheap,,,
215caa2c-8154-4b47-bebb-c8172b88bdf5,heartily.asia,available,1.98,18.98,high,low,8,namecheap,,,14/09/2026 08:41
bcce8396-b2fa-4c3f-beb8-cc0a1117a117,glassy.asia,available,1.98,18.98,high,low,6,namecheap,,,20/08/2026 14:12
a1a607ed-7dd4-404b-a1e2-357fef721690,uppish.asia,available,1.98,18.98,low,low,6,namecheap,,,09/08/2026 20:46
05842352-2638-4326-aad1-05520d114a9b,herein.asia,available,1.98,18.98,medium,low,6,namecheap,,,15/09/2026 00:30
2db55b76-95cb-41f5-842e-5abe403c5cd3,revived.asia,available,1.98,18.98,high,low,7,namecheap,,,09/09/2026 11:00
ea4f1f8f-fc3a-4a63-8b96-79d6b838ec28,afterimage.asia,available,2.79,13.49,high,low,10,namesilo,,,17/09/2026 15:42
b9dacf21-2dd1-4c83-81b2-3917b892c389,reciprocal.asia,available,1.98,18.98,high,low,10,namecheap,,,09/09/2026 11:29
25a244e8-6d62-4399-b361-804cc041f948,mentioned.asia,available,2.59,13.49,medium,low,9,namesilo,,,
d4a0e9e6-3302-4292-a3a5-18f95598aced,categorically.asia,available,2.59,13.49,medium,low,13,namesilo,,,
fdfd37a0-e794-452f-a154-95db9f7c9352,spider.asia,resell,,,high,low,6,"Xiamen ChinaSource Internet Service Co., Ltd",23/01/2025 15:30,23/01/2027 15:30,26/09/2026 09:12
ce4d5389-a1ef-41a5-ab82-3b15bb0693a6,chopper.asia,available,1.98,18.98,high,low,7,namecheap,,,08/09/2026 11:24
464b272f-0127-4b49-a664-d432a57aaaa5,redress.asia,available,1.98,18.98,high,low,7,namecheap,,,09/09/2026 17:27
73254ddd-91a8-47f4-80d8-d2f1c258251c,brothers.asia,available,2.59,13.49,high,low,8,namesilo,,,
659f5efe-0152-423b-ba72-370b2720bb2b,sumerian.asia,available,1.98,18.98,high,low,8,namecheap,,,11/09/2026 01:33
ffa4e680-e3d9-450b-a9d6-79523d04ab04,reservedly.asia,available,1.98,18.98,medium,low,10,namecheap,,,15/09/2026 23:22
1416d6f8-62a7-4eef-81b2-8d80731f91c1,neoplastic.asia,available,1.98,18.98,medium,low,10,namecheap,,,03/09/2026 15:29
6b616f34-d842-49d8-8f00-0ae99cebfe10,respected.asia,available,2.19,13.49,high,low,9,namesilo,,,
9f5298d8-95aa-4907-a04a-d2cf2ce856a0,backblast.asia,available,2.79,13.49,medium,low,9,namesilo,,,21/09/2026 14:26
a8799ac4-bf7e-4705-822d-40549f1a3329,asunder.asia,available,1.98,18.98,medium,low,7,namecheap,,,07/08/2026 10:20
fb71b6b9-064d-4f26-a6c8-9af4003af503,xvii.asia,available,2.79,13.49,medium,low,4,namesilo,,,21/09/2026 11:53
4f03deb0-7c22-47a8-8dcc-5384cda75505,isles.asia,available,2.79,13.49,medium,low,5,namesilo,,,20/09/2026 01:00
e2786d6f-a09b-44f6-94c1-e63acfb9c15b,younger.asia,resell,,,high,low,7,Dreamscape Networks International Pte Ltd,21/06/2008 07:08,21/06/2027 07:08,26/09/2026 10:16
64f5f991-3502-4342-8649-3f15cce79d93,liberian.asia,available,1.98,18.98,medium,low,8,namecheap,,,23/08/2026 00:47
148f4831-9062-4402-bad4-4de6e66b6a33,ecologic.asia,available,1.98,18.98,high,low,8,namecheap,,,10/08/2026 02:32
8ef29e04-6525-4f29-90a8-dd75a87fbcbc,agricola.asia,available,1.98,18.98,high,low,8,namecheap,,,17/09/2026 19:19
cf9b824a-993b-49ba-855f-140a05a7e2ae,memorably.asia,available,1.98,18.98,medium,low,9,namecheap,,,15/09/2026 14:01
e8c2207d-144b-4a5b-b463-3942fd0d4509,largely.asia,available,2.99,,medium,low,7,name.com,,,
1ad32afa-22ca-4e7c-83a3-b3175fff1128,agential.asia,available,1.98,18.98,medium,low,8,namecheap,,,
a06520e1-12fe-4edb-bccf-fcf7f23917ae,ahriman.asia,available,2.79,13.49,medium,low,7,namesilo,,,17/09/2026 20:33
d762ecbf-fc15-4599-b28c-ccc305b77430,deposition.asia,available,1.98,18.98,medium,low,10,namecheap,,,24/09/2026 22:00
d2ce8b7b-786c-4183-b8f2-df41dcadd0b3,jewellery.asia,available,,,high,low,9,,,,
e77fc9ca-b573-4384-9a21-f08c1481bb3c,chequered.asia,available,1.98,18.98,medium,low,9,namecheap,,,12/08/2026 03:40
07706bfd-4eee-442f-a195-24e3cc6ea38c,because.asia,resell,,,high,low,7,"Megazone Corp., dba HOSTING.KR",19/02/2013 05:33,19/02/2027 05:33,26/09/2026 04:19
dd39bfc6-ba1a-4cac-822c-983adc85888f,attended.asia,available,2.79,13.49,high,low,8,namesilo,,,22/09/2026 11:17
6eba5e67-271a-463d-ad1a-03928f337507,ambience.asia,available,2.79,13.49,high,low,8,namesilo,,,18/09/2026 16:42
1ba4e627-aed7-4ae8-990f-2b97f97af17d,sizes.asia,available,2.79,13.49,medium,low,5,namesilo,,,19/09/2026 02:18
add13fd7-94ae-46f8-9cf3-488955672b3c,uttered.asia,available,1.98,18.98,medium,low,7,namecheap,,,17/08/2026 18:44
4f5a7bf8-2f02-448f-93a1-a041a829ec70,graduate.asia,available,1.98,18.98,high,low,8,namecheap,,,20/08/2026 17:51
5d745518-d833-4b28-801b-3b3e97ea0424,tangle.asia,available,1.98,18.98,high,low,6,namecheap,,,25/09/2026 17:42
4afe77f6-1501-4a40-9d88-ee56473ddcda,toddler.asia,available,2.59,13.49,high,low,7,namesilo,,,
546c7470-c568-4aa3-a57b-2ff2b044937a,dearly.asia,available,2.99,20.99,high,low,6,name.com,,,13/08/2026 20:00
35624b8e-8a16-41ef-915e-7c9c4a6c5721,rightly.asia,available,1.98,18.98,high,low,7,namecheap,,,15/09/2026 10:16
bfba7d26-d0e4-43a1-91a9-a100fee45a35,exterior.asia,available,1.98,18.98,high,low,8,namecheap,,,17/08/2026 19:05
6b1b4ba1-ed9d-460d-8455-6a5d6f3979cc,billyho.asia,available,2.79,13.49,medium,low,8,namesilo,,,18/09/2026 09:17
ce4b4266-c0a1-4d9a-ac20-8fad17d1d75a,dendroid.asia,available,1.98,18.98,medium,low,8,namecheap,,,06/08/2026 13:50
8c923d4f-b07e-4ce7-8df4-d79ae86effa1,consents.asia,available,2.79,13.49,medium,low,8,namesilo,,,20/09/2026 13:43
506bd02f-cb06-4823-9aed-ac250726a2b6,unintended.asia,available,1.98,18.98,medium,low,10,namecheap,,,12/09/2026 13:30
1d169c73-a456-4695-b287-b8912cc231d7,calder.asia,available,2.79,13.49,high,low,6,namesilo,,,18/09/2026 05:48
c1626e5f-3e60-4c50-bf10-43b2d38209c9,songbirds.asia,available,2.79,13.49,medium,low,9,namesilo,,,21/09/2026 08:44
4d16208b-2c39-4ba3-9c56-f7ad06d51d93,dwarf.asia,available,1.98,18.98,medium,low,5,namecheap,,,24/08/2026 22:31
d758825e-9c14-4eb9-898c-5030f6005309,haunting.asia,available,1.98,18.98,medium,low,8,namecheap,,,21/08/2026 01:34
53324c5a-9ef6-4608-9c85-573debf35f1b,batten.asia,available,2.79,13.49,medium,low,6,namesilo,,,22/09/2026 14:27
4e2a215e-167d-4b04-970e-3868b9d98219,beaked.asia,available,1.98,18.98,medium,low,6,namecheap,,,09/08/2026 03:50
e7f6f48f-57a9-4f18-b33f-bd8d844e85eb,blankness.asia,available,1.98,18.98,medium,low,9,namecheap,,,24/09/2026 04:02
980ed43e-cad9-4fcd-bf35-5817138b3432,thespian.asia,available,1.98,18.98,high,low,8,namecheap,,,11/09/2026 13:05
79b04fd7-7e0b-4a9a-8df0-ec94ad7680e5,fatally.asia,available,1.98,18.98,medium,low,7,namecheap,,,14/09/2026 17:51
03b7843a-4fd6-4eb7-a5cf-8d2533ae4dfd,relapse.asia,available,2.99,,high,low,7,name.com,,,
463d638f-9635-4592-9681-d3fcfdca2a54,ragamuffin.asia,available,1.98,18.98,medium,low,10,namecheap,,,11/09/2026 09:09
1e9c5c00-2622-405e-815d-b2e9f04d9532,gregorian.asia,available,1.98,18.98,high,low,9,namecheap,,,20/08/2026 19:58
6d94756e-1288-441e-a78f-9fcbb1cf36ce,leaden.asia,available,1.98,18.98,medium,low,6,namecheap,,,22/08/2026 21:44
2a543a54-26f5-4b87-a823-5c112bd4038a,roth.asia,available,2.79,13.49,high,low,4,namesilo,,,25/09/2026 09:56
f57f8f2e-b75b-44fc-b8ef-f3823579bd18,unshaded.asia,available,1.98,18.98,medium,low,8,namecheap,,,12/09/2026 19:27
ba0a7989-8281-4450-9185-eb3b5c0c46f6,overtly.asia,available,1.98,18.98,medium,low,7,namecheap,,,15/09/2026 18:31
b4ad06e9-9296-4d27-958d-53f8ab96a44f,jugular.asia,available,1.98,18.98,medium,low,7,namecheap,,,22/08/2026 14:16
417b7cdc-ac45-4ccc-b81d-67a16c100e98,ragweed.asia,available,2.79,13.49,high,low,7,namesilo,,,23/09/2026 08:50
36876c6d-e775-4eac-aa27-9f25c8c4af0a,skimpy.asia,available,1.98,18.98,high,low,6,namecheap,,,10/09/2026 09:36
e91ab427-23f5-417a-b433-41bc0c7a0855,similar.asia,available,1.98,18.98,high,low,7,namecheap,,,
d3add1fa-e985-40e0-9e8d-bcb3021032ea,wittingly.asia,available,1.98,18.98,medium,low,9,namecheap,,,15/09/2026 10:32
60a9b783-6083-47a9-89e2-d40495f104e0,centuries.asia,available,2.79,13.49,medium,low,9,namesilo,,,17/09/2026 04:43
1ad4d66c-d2c8-43ca-bc94-7dcd33c59966,thrift.asia,available,2.79,13.49,high,low,6,namesilo,,,27/09/2026 03:24
211d6daa-591b-4e55-9644-4bbde3f38504,stung.asia,available,2.19,13.49,medium,low,5,namesilo,,,
98eaa66b-53ff-42dd-9b43-e08715a1ad07,anecdotist.asia,available,2.79,13.49,medium,low,10,namesilo,,,19/09/2026 05:08
621afe95-38f8-4df8-b63a-61a3c6bdd811,omit.asia,available,2.59,13.49,high,low,4,namesilo,,,
f60a70fb-131e-423b-b4da-6dfea922ef18,jural.asia,available,1.98,18.98,medium,low,5,namecheap,,,22/08/2026 14:34
7599baf4-743f-4ee0-81c2-8333bc97acd5,murderer.asia,available,2.79,13.49,medium,low,8,namesilo,,,25/09/2026 08:59
c6400960-f3ca-403a-ab90-fa816de7c8e3,blatta.asia,available,1.98,18.98,medium,low,6,namecheap,,,24/09/2026 04:54
47a485ee-d402-4102-8014-5b3abd773a4e,weak.asia,available,2.79,13.49,high,low,4,namesilo,,,24/09/2026 04:57
d9977291-3f9d-4e57-a875-17f1b16103f7,bed.asia,resell,,,high,low,3,InterNetX GmbH,14/06/2008 07:02,14/06/2027 07:02,26/09/2026 04:19
863d1b8c-905b-4fbb-93a5-b16f97bcbf9c,thrilly.asia,available,1.98,18.98,medium,low,7,namecheap,,,18/09/2026 19:36
11de0a3d-e593-48b4-8572-f56f17d388f8,translation.asia,resell,,,high,low,11,Key-Systems GmbH,03/07/2008 07:07,03/07/2027 07:07,26/09/2026 09:44
10f45ad0-8579-4bea-a160-9ff32fdeca72,benighted.asia,available,1.98,18.98,low,low,9,namecheap,,,08/09/2026 09:10
290787a1-aef9-43c3-9dbf-ae8bd33fbf53,merchants.asia,available,1.98,18.98,high,low,9,namecheap,,,18/09/2026 04:36
18c43122-d922-4174-a1fd-0f9f848b4f04,warmly.asia,available,1.98,18.98,high,low,6,namecheap,,,13/09/2026 08:17
752789eb-a2f5-45c1-9115-bfc043259d61,regulated.asia,available,1.98,18.98,high,low,9,namecheap,,,09/09/2026 13:06
c8b5546a-d39e-46a1-8e67-aedcdf0d9f54,slighting.asia,available,1.98,18.98,medium,low,9,namecheap,,,09/08/2026 13:15
493c8bf3-a0dc-46e7-b3d7-43a6b72911e8,wilhelm.asia,available,1.98,18.98,high,low,7,namecheap,,,25/09/2026 18:53
39d26a82-d05a-41cf-bade-68b66b750da3,traveller.asia,resell,,,high,low,9,InterNetX GmbH,17/06/2008 07:03,17/06/2027 07:03,26/09/2026 09:44
2fc4d0ce-fa65-48d0-9696-7b6e12475b10,shaver.asia,available,1.98,18.98,medium,low,6,namecheap,,,25/08/2026 00:03
ef35a17c-6351-4b49-ab44-29bd26d0b847,extraneous.asia,available,1.98,18.98,medium,low,10,namecheap,,,17/08/2026 19:20
03e6d61f-f9e3-46e4-8643-5e572c15a109,approver.asia,available,2.79,13.49,medium,low,8,namesilo,,,19/09/2026 22:24
f2da8361-6afa-415d-8ef7-4d217fa0521e,calibre.asia,available,2.79,13.49,high,low,7,namesilo,,,24/09/2026 11:45
488d2907-1ada-4ba1-b856-b2e32c37ca17,sayonara.asia,available,1.98,18.98,high,low,8,namecheap,,,17/09/2026 08:15
1d4d1646-8208-496c-a0fc-3405309a04d3,decreasing.asia,available,1.98,18.98,medium,low,10,namecheap,,,13/08/2026 22:12
0be4a908-48a5-4173-aabc-7f8c1a182a68,euclidian.asia,available,1.98,18.98,medium,low,9,namecheap,,,17/08/2026 14:04
feb3cbb3-f452-4926-b9ac-706082153e6e,broaden.asia,available,2.59,13.49,high,low,7,namesilo,,,
9b25db11-ca4a-4fbb-b5c9-ad229283c17f,imitation.asia,available,1.98,18.98,high,low,9,namecheap,,,18/08/2026 00:14
df4fb36d-a474-43f3-9db7-caf9543893f6,innate.asia,available,1.98,18.98,high,low,6,namecheap,,,12/08/2026 21:44
aa4a0190-57d4-4579-9fe1-f1ff4979a5ac,agonising.asia,available,1.98,18.98,medium,low,9,namecheap,,,
63312e03-d801-43f8-9413-705200082a4b,sorrowful.asia,available,1.98,18.98,medium,low,9,namecheap,,,10/09/2026 14:37
52529d6f-b29e-4ad7-a1b6-e85d20f1dbad,limber.asia,available,1.98,18.98,high,low,6,namecheap,,,23/08/2026 11:08
021c2ead-9d08-4c32-a6e7-6564089db354,centroidal.asia,available,1.98,18.98,medium,low,10,namecheap,,,12/08/2026 00:18
3887aa71-8e68-44ac-ab41-7fa579bb54dd,ciliary.asia,available,1.98,18.98,medium,low,7,namecheap,,,12/08/2026 08:04
0376fdb9-9218-42e6-90e5-45974adf8e46,dissembler.asia,available,1.98,18.98,medium,low,10,namecheap,,,08/09/2026 19:10
7ff48353-aee5-4a11-b3c4-e2858f273918,erose.asia,available,1.98,18.98,medium,low,5,namecheap,,,17/08/2026 12:30
8ac7bbe8-357e-4bc3-b82e-5114933d7400,angiogram.asia,available,2.79,13.49,medium,low,9,namesilo,,,19/09/2026 06:13
c7d87321-a009-462b-9730-ce1aec167504,marvin.asia,available,2.79,13.49,high,low,6,namesilo,,,25/09/2026 13:38
759d2028-1357-4c2b-bd15-875e72967b76,albescent.asia,available,1.98,18.98,medium,low,9,namecheap,,,
bbe0927a-e610-4d0d-8475-413496ce3cb2,unshielded.asia,available,1.98,18.98,medium,low,10,namecheap,,,12/09/2026 19:49
5f049518-d859-47b6-990c-b3d4bc5b7d10,translunar.asia,available,1.98,18.98,medium,low,10,namecheap,,,11/09/2026 02:19
d741d8c2-17a3-4f6d-8c8b-bbda5c780413,gibbs.asia,available,2.79,13.49,high,low,5,namesilo,,,25/09/2026 06:33
ed0e9afd-aa6e-46a4-a129-f4f002640ba3,abuzz.asia,available,1.98,18.98,high,low,5,namecheap,,,
4e3c02b3-4454-4994-bc2c-a5ee00bcf865,pensive.asia,available,1.98,18.98,medium,low,7,namecheap,,,11/08/2026 06:00
43435a75-703f-413b-b5d1-696ddccfbfec,waterborne.asia,available,1.98,18.98,medium,low,10,namecheap,,,13/09/2026 08:36
0cf2a107-e4f2-4611-bb07-28c7bf1a7707,soft.asia,resell,,,high,low,4,"Spaceship, Inc.",26/12/2020 01:15,26/12/2026 01:15,26/09/2026 09:08
c15de37a-394c-4b7c-ac2c-82dd71d4f5f7,sectioned.asia,available,1.98,18.98,medium,low,9,namecheap,,,10/09/2026 01:20
f4202976-5afb-4ad4-bc3b-08ddfdd2d968,anymore.asia,available,2.59,13.49,high,low,7,namesilo,,,
bc973b3d-13ac-43b6-94a3-dba6050da0a8,wrongdoing.asia,available,2.79,13.49,medium,low,10,namesilo,,,17/09/2026 05:25
a69b9dae-13de-4916-8e9e-b199f7a4ed97,easterly.asia,available,1.98,18.98,high,low,8,namecheap,,,14/08/2026 22:51
6bf3b829-9343-4f8e-b76c-c49d4a8ed4a9,acervate.asia,available,1.98,18.98,medium,low,8,namecheap,,,
de9687d2-c0d6-4737-ab1a-37f435222bfd,extralegal.asia,available,1.98,18.98,medium,low,10,namecheap,,,17/08/2026 19:14
ccb81140-72c3-4977-91f7-2761f0adfbb6,haven.asia,resell,,,high,medium,5,"Spaceship, Inc.",29/04/2026 18:27,29/04/2027 18:27,26/09/2026 06:35
12abccc3-87cc-4792-906b-89a222e17663,location.asia,resell,,,high,low,8,Dynadot Inc,31/03/2026 08:31,31/03/2027 08:31,27/09/2026 04:42
10621750-f64e-41fb-9376-ed25184c2f9f,chickenpox.asia,available,2.79,13.49,medium,low,10,namesilo,,,24/09/2026 14:28
51bb1c0e-d2f3-4264-9657-4f625e28c37b,alces.asia,available,2.79,13.49,high,low,5,namesilo,,,18/09/2026 03:55
30f7985b-05a6-4eb9-98e7-f227e84dce0b,usda.asia,available,1.98,18.98,high,low,4,namecheap,,,17/09/2026 19:25
537ad901-5336-4346-98d4-c8938217171e,tricuspid.asia,available,1.98,18.98,medium,low,9,namecheap,,,11/09/2026 19:29
a28c9884-1c78-41f5-a832-4cd13ea574af,oxygen.asia,available,2.79,13.49,high,low,6,namesilo,,,25/09/2026 12:40
50dc939d-b7aa-4fff-8e98-9ec2ef5f9dbe,amberbell.asia,available,1.98,18.98,medium,low,9,namecheap,,,18/09/2026 16:32
455ec8f4-402c-4970-a0b8-c243bfacd275,portable.asia,available,2.79,13.49,high,low,8,namesilo,,,27/09/2026 04:40
05970025-bb26-4ed2-8d54-8f742efc5696,reachable.asia,available,1.98,18.98,high,low,9,namecheap,,,09/09/2026 10:55
eae429e4-e1e1-4a22-a704-be62f29be3ea,grumbling.asia,available,1.98,18.98,medium,low,9,namecheap,,,20/08/2026 20:33
4032141b-7f95-453e-a2a2-cd3e6525351f,redundant.asia,available,1.98,18.98,medium,low,9,namecheap,,,17/08/2026 16:08
dc3a68b8-e854-4c65-97e5-9c9f29c7ab1b,irascible.asia,available,1.98,18.98,medium,low,9,namecheap,,,21/08/2026 14:18
b36a2457-7b1e-4795-8ec1-4b8a5592b4c4,squawk.asia,available,19.99,20.99,high,low,6,name.com,,,23/09/2026 00:25
404304c4-17e3-4d44-904d-d6725d3b8a72,cognisance.asia,available,2.79,13.49,high,low,10,namesilo,,,21/09/2026 09:57
b0f99ec2-3c9e-4b1b-ba8f-02d5b93d6e35,climate.asia,resell,,,high,low,7,"GoDaddy.com, LLC",26/06/2008 07:02,26/06/2027 07:02,26/09/2026 04:59
b18a9624-903d-41b6-bac5-2fabd2a12b58,wishful.asia,available,1.98,18.98,medium,low,7,namecheap,,,07/08/2026 05:07
14a2eb41-e2d0-4251-aa61-c25fc7133090,astatine.asia,available,1.98,18.98,medium,low,8,namecheap,,,20/09/2026 16:55
389459a6-1ddd-457e-827f-3506fe5f65f0,prettily.asia,available,1.98,18.98,medium,low,8,namecheap,,,15/09/2026 21:22
559ceaef-41ed-4fc9-a6db-b18e84cc2ce1,agal.asia,available,1.98,18.98,medium,low,4,namecheap,,,17/09/2026 16:00
965e0ff8-9115-4e8d-91c9-19be04c2be84,sounding.asia,available,1.98,18.98,high,low,8,namecheap,,,25/09/2026 14:20
d85c8ee3-1756-4ed1-8950-cd49e3665fca,revolved.asia,available,2.99,,medium,low,8,name.com,,,
9389ef8e-e0ae-4622-805d-509ba15594c1,furrowed.asia,available,1.98,18.98,medium,low,8,namecheap,,,18/08/2026 18:55
eaadaba1-67c2-4cc4-9a95-197324ec01d9,amnio.asia,available,2.79,13.49,medium,low,5,namesilo,,,18/09/2026 22:23
4a5c15ef-700b-4092-bc00-4774dddf86df,checkered.asia,available,1.98,18.98,high,low,9,namecheap,,,12/08/2026 03:38
8eef231b-7162-4737-8ad4-bcea285f48e8,shall.asia,available,2.59,13.49,high,low,5,namesilo,,,
e959a93a-ee89-4a8b-9e26-85c8c2d40264,bulky.asia,available,2.79,13.49,medium,low,5,namesilo,,,23/09/2026 10:36
24beaaac-d7bc-4a47-809e-06eeb713e0cd,insofar.asia,available,1.98,18.98,medium,low,7,namecheap,,,15/09/2026 06:43
cd414f16-7614-4385-af2a-05f200a0b0e2,unshadowed.asia,available,1.98,18.98,low,low,10,namecheap,,,12/09/2026 19:29
d0eef41f-d553-4905-a528-999217489dbb,apace.asia,available,1.98,18.98,medium,low,5,namecheap,,,13/09/2026 20:22
5b916f6f-bca9-4aa9-bff7-77fad15a0217,richmond.asia,available,2.79,13.49,high,low,8,namesilo,,,25/09/2026 13:34
dcf24536-44f8-4f3f-9768-9664ff7af11f,probably.asia,available,2.79,13.49,high,low,8,namesilo,,,25/09/2026 13:48
3089ee52-8b28-473e-b35e-854234dc7f03,despotic.asia,available,1.98,18.98,medium,low,8,namecheap,,,07/08/2026 18:58
260bffda-7edc-47d2-afb8-1d5242e58187,natation.asia,available,1.98,18.98,medium,low,8,namecheap,,,18/08/2026 08:34
f04a083b-decd-43ad-b42d-4a9489548982,ballplayer.asia,available,2.79,13.49,high,low,11,namesilo,,,21/09/2026 23:25
72d50fc7-b351-4f41-8f1a-51a468843079,unfrozen.asia,available,1.98,18.98,medium,low,8,namecheap,,,12/09/2026 10:54
9ac3be1f-5cf7-419f-8b9b-b8eb991a0b0d,meredith.asia,available,2.79,13.49,high,low,8,namesilo,,,25/09/2026 06:29
d5eda2d1-8134-459a-a21c-72f06923af2c,aram.asia,available,2.79,13.49,high,low,4,namesilo,,,19/09/2026 23:55
8723986a-76f7-4a4b-a0bc-a31f66a7332e,anguis.asia,available,2.79,13.49,medium,low,6,namesilo,,,19/09/2026 07:34
755a5e1c-30ba-4ec1-bf8e-2150bc1d43f9,seaborgium.asia,available,2.79,13.49,medium,low,10,namesilo,,,20/09/2026 22:06
18f60079-bf0f-4503-85d8-ac752c4b626a,fatigued.asia,available,1.98,18.98,medium,low,8,namecheap,,,14/08/2026 14:49
c24703ee-d913-48e5-983e-c4b1daf63f3a,caesium.asia,available,2.79,13.49,medium,low,7,namesilo,,,20/09/2026 23:16
8ab980d0-a4c9-44f9-9141-4fb1d229232f,throughout.asia,available,1.98,18.98,high,low,10,namecheap,,,17/08/2026 00:49
15b31f9d-3e19-471a-a3f7-a83e4c09c911,sidesaddle.asia,available,1.98,18.98,medium,low,10,namecheap,,,16/09/2026 01:43
d9672e23-4f3a-41b2-b0ea-db9c70d8834d,yards.asia,available,2.79,13.49,high,low,5,namesilo,,,25/09/2026 05:56
3587eba5-015f-42a2-8c5b-0cbc0f236c05,grime.asia,available,1.98,18.98,medium,low,5,namecheap,,,14/08/2026 09:15
d037a035-fb0e-45ff-86d9-5bb7ce666bec,reversible.asia,available,2.19,13.49,high,low,10,namesilo,,,
9e6b07d3-a826-4b2c-83b7-733034ca8062,soleless.asia,available,1.98,18.98,low,low,8,namecheap,,,10/09/2026 13:37
ab4cbe68-dbef-4d28-a046-69924a889923,wolfgang.asia,available,2.79,13.49,high,low,8,namesilo,,,25/09/2026 15:09
a198b0d7-ccb8-4eae-bfc1-85924b011de0,parous.asia,available,1.98,18.98,medium,low,6,namecheap,,,08/09/2026 01:52
7babb0f6-f323-4a03-a596-7acde628df15,global.asia,resell,,,high,medium,6,"Spaceship, Inc.",18/02/2019 01:06,18/02/2027 01:06,26/09/2026 06:24
63339d86-7c8a-476f-9a04-771aa31f0a76,tousled.asia,available,1.98,18.98,medium,low,7,namecheap,,,14/08/2026 11:02
da40125e-d0e5-4c47-bdf2-9a5e36d1bca3,attestant.asia,available,2.79,13.49,medium,low,9,namesilo,,,21/09/2026 01:36
f7d953de-6563-427d-86a8-2f58d4133339,fruitcake.asia,available,1.98,18.98,medium,low,9,namecheap,,,10/09/2026 00:13
c54f289e-fbcf-4cc2-ac03-81bbf94ac5fc,guileless.asia,available,1.98,18.98,medium,low,9,namecheap,,,20/08/2026 20:48
02282ced-95a2-449f-b8da-5f8a89c41a29,yob.asia,available,1.98,18.98,medium,low,3,namecheap,,,11/08/2026 08:46
f275db5e-ab26-490c-b428-3446407b3e84,esthetic.asia,available,1.98,18.98,high,low,8,namecheap,,,21/09/2026 21:16
14062104-501d-4216-933a-5f1f34ac3d85,during.asia,available,2.59,13.49,medium,low,6,namesilo,,,
c22c58d9-cbe7-4eba-aaae-cf6365bcbbdd,bartholin.asia,available,2.79,13.49,medium,low,9,namesilo,,,22/09/2026 09:14
5c3e057d-d8b4-44e6-8b0f-7bc7588b5962,profane.asia,available,1.98,18.98,high,low,7,namecheap,,,10/08/2026 13:22
f8960e68-43a8-40c0-9306-de8620b26b4a,sameness.asia,available,1.98,18.98,medium,low,8,namecheap,,,21/08/2026 15:12
45250745-0b44-4892-891b-1ddeb49d5d6a,abjuration.asia,available,1.98,18.98,medium,low,10,namecheap,,,16/09/2026 15:59
f7b83f61-7fa8-426c-825d-0542a616147d,burgess.asia,available,1.98,18.98,high,low,7,namecheap,,,19/09/2026 13:35
413a9dd7-034e-4a7b-b9cd-47cad497e514,downmarket.asia,available,1.98,18.98,high,low,10,namecheap,,,14/08/2026 17:48
34e3052c-0dac-4603-ac99-133a4a334c4a,dreary.asia,available,1.98,18.98,medium,low,6,namecheap,,,14/08/2026 11:47
2d61faf1-82ed-4f53-83e9-629f5fe65704,unneeded.asia,available,1.98,18.98,medium,low,8,namecheap,,,12/09/2026 15:52
02f01442-6cdf-4f7e-b2b2-cf411b599d64,incident.asia,available,1.98,18.98,high,low,8,namecheap,,,22/08/2026 01:19
e90ff2e1-f76d-4256-b296-58f6b8685a95,nursed.asia,available,1.98,18.98,medium,low,6,namecheap,,,03/09/2026 23:03
46f70290-1238-494e-85fc-3a26a96eda38,thrilling.asia,available,1.98,18.98,high,low,9,namecheap,,,16/08/2026 02:41
8f5b3499-5fa1-4d79-8fa4-5bea9f5fa846,alaric.asia,available,2.79,13.49,medium,low,6,namesilo,,,18/09/2026 01:52
e2bca173-0e78-43b6-8106-14eea5e1d2d0,behavior.asia,available,2.79,13.49,high,low,8,namesilo,,,23/09/2026 03:06
75a7ccb3-f29e-4cc2-be14-0b2d22519d4e,durable.asia,available,2.79,13.49,high,low,7,namesilo,,,24/09/2026 12:29
57a99f88-1413-4d96-b2e5-17d9ff5f188a,boney.asia,available,1.98,18.98,medium,low,5,namecheap,,,10/08/2026 18:44
198823f9-d067-4a8a-bad3-b78429fc7bc5,unimodal.asia,available,1.98,18.98,medium,low,8,namecheap,,,12/09/2026 13:07
de1beb4a-b84f-4543-a280-9de71dc04e24,comparably.asia,available,1.98,18.98,medium,low,10,namecheap,,,14/09/2026 07:37
d78a0e7a-cb31-4f24-89c4-e8c501470d8a,spots.asia,available,1.98,18.98,high,low,5,namecheap,,,27/09/2026 04:00
aa5b2db8-04ad-44f3-81a5-7225aa142359,swart.asia,available,1.98,18.98,low,low,5,namecheap,,,11/09/2026 05:22
539d2b11-5599-48d1-b221-2340bef71c96,deictic.asia,available,1.98,18.98,medium,low,7,namecheap,,,14/08/2026 00:12
20fe133d-4f3f-497c-b10d-809032338101,unhinged.asia,available,1.98,18.98,medium,low,8,namecheap,,,11/08/2026 01:52
145d8381-e91b-4ccd-8b18-23716b927192,plummy.asia,available,1.98,18.98,medium,low,6,namecheap,,,08/09/2026 21:51
3119b7c1-ff71-4c1b-a052-7d083f336304,erogenous.asia,available,1.98,18.98,medium,low,9,namecheap,,,17/08/2026 12:28
33b46e2b-a3ab-494f-a32d-3d515c23b6d5,centennial.asia,available,1.98,18.98,high,low,10,namecheap,,,11/08/2026 23:53
bf2b8531-093b-49ca-93a1-f0ed03a72053,dourly.asia,available,1.98,18.98,low,low,6,namecheap,,,14/09/2026 13:56
baf9c8b6-5ded-401e-9041-95b218ec1951,nonporous.asia,available,1.98,18.98,medium,low,9,namecheap,,,03/09/2026 20:18
2332f6b5-0a09-4bc2-a388-71f643e5d9b8,plumb.asia,available,1.98,18.98,high,low,5,namecheap,,,12/08/2026 10:05
a506cae6-6e7c-4255-b25f-f39e112e3320,inhabitant.asia,available,19.99,20.99,high,low,10,name.com,,,24/09/2026 21:51
2cf418ab-af3a-4567-b938-a49622930415,pentatonic.asia,available,1.98,18.98,medium,low,10,namecheap,,,08/09/2026 15:05
66168c11-d4c3-42c5-bbf7-f623ca6697e8,helpless.asia,available,1.98,18.98,medium,low,8,namecheap,,,21/08/2026 06:38
0ee4a05a-8afc-4d11-9f36-9c2ee5b1900b,inverse.asia,available,1.98,18.98,high,low,7,namecheap,,,25/09/2026 11:05
274d69fe-169a-4ae8-a401-9e4e3e314298,antitrade.asia,available,2.79,13.49,high,low,9,namesilo,,,19/09/2026 15:13
4762c14c-3c5c-47dc-af19-aae8a5ba1644,autobus.asia,available,2.79,13.49,medium,low,7,namesilo,,,21/09/2026 05:51
46efd7fb-434f-488b-8f18-ae2dbd73d554,divers.asia,available,2.59,13.49,high,low,6,namesilo,,,
cee74d41-1a89-47df-9985-fdb9812996ee,smashingly.asia,available,1.98,18.98,medium,low,10,namecheap,,,16/09/2026 02:49
81b141c8-d779-4b6f-9cbb-2263c4279a8c,slapdash.asia,available,1.98,18.98,medium,low,8,namecheap,,,10/09/2026 09:57
48ff3863-3210-4804-8d12-f43146ba1215,kempt.asia,available,1.98,18.98,medium,low,5,namecheap,,,22/08/2026 15:32
7cfc5ec3-7a56-4987-b370-42f981c525ee,beige.asia,available,1.98,18.98,high,low,5,namecheap,,,09/08/2026 12:22
7e1880ab-5ee3-4191-9606-0a53af895c03,darned.asia,available,1.98,18.98,medium,low,6,namecheap,,,10/08/2026 12:41
e8729498-60f8-4ed5-a2d1-c7471d191b82,assuredly.asia,available,1.98,18.98,medium,low,9,namecheap,,,13/09/2026 22:09
b8219c77-94d0-4eb3-845c-d007321915ca,truer.asia,available,2.79,13.49,medium,low,5,namesilo,,,20/09/2026 05:56
2a74cc1a-3d1f-4324-8bf6-07d02ca86951,anterior.asia,available,1.98,18.98,high,low,8,namecheap,,,
1c1698a4-7ca0-4d67-b7dd-312fa85ec93d,killer.asia,available,2.79,13.49,high,low,6,namesilo,,,24/09/2026 13:14
c480a402-8521-45cb-8c3d-3c74c0872e1e,miscreant.asia,available,1.98,18.98,medium,low,9,namecheap,,,09/09/2026 14:38
fa6a514a-50d8-45ea-b1bf-38ac12145ce9,bullying.asia,available,2.79,13.49,medium,low,8,namesilo,,,23/09/2026 10:48
c1e2caac-0beb-404f-9a77-d9024d2ede30,written.asia,available,2.19,13.49,high,low,7,namesilo,,,
6fe709e3-e30f-4fc4-bfee-e076848743c4,kamikaze.asia,available,,,high,low,8,,,,
5a0864d5-15ed-4a26-9122-c2e581e7380c,watchful.asia,available,1.98,18.98,high,low,8,namecheap,,,
b892179d-3f48-40d4-9fe8-db5e991a564c,homeric.asia,available,1.98,18.98,medium,low,7,namecheap,,,08/09/2026 09:34
7ffe07fc-7567-4313-b339-e0e6a3c0f127,cxxx.asia,available,1.98,18.98,high,low,4,namecheap,,,
4dfdd487-11d9-47c5-8574-026acdb04912,decides.asia,available,2.79,13.49,medium,low,7,namesilo,,,20/09/2026 06:39
25bbcb5e-70c6-4eaa-953e-034104940445,heritable.asia,available,1.98,18.98,medium,low,9,namecheap,,,21/08/2026 07:08
580b090d-6817-4023-8400-bfd56a042da2,sly.asia,available,1.98,18.98,high,low,3,namecheap,,,24/09/2026 01:29
2b50d99f-e834-4b69-87ce-378b826b4ba3,distribute.asia,available,2.79,13.49,high,low,10,namesilo,,,25/09/2026 09:28
71859d75-cac4-4f3b-8a7e-3a252a4dcd95,tersely.asia,available,2.79,13.49,medium,low,7,namesilo,,,16/09/2026 08:13
dd201780-a530-444c-bad5-fe20a9590ba4,universally.asia,available,2.59,13.49,high,low,11,namesilo,,,
96d1403c-59f1-4575-a9fb-a028a2cb593b,gallant.asia,available,1.98,18.98,high,low,7,namecheap,,,12/08/2026 06:16
882b8326-d8ab-4dc5-b300-d7dad6382cbc,layman.asia,available,1.98,18.98,medium,low,6,namecheap,,,10/09/2026 01:24
9efd533c-d697-4e87-bc2f-450e72c9206a,afterworld.asia,available,1.98,18.98,medium,low,10,namecheap,,,17/09/2026 15:58
250abd66-6544-4542-bf81-a61fe4d73035,someplace.asia,available,2.79,13.49,high,low,9,namesilo,,,16/09/2026 04:51
a1c8f0b5-ce23-4f7f-be76-81a60af5edee,beau.asia,available,2.99,20.99,high,low,4,name.com,,,13/08/2026 17:13
0ce38dd1-701d-4cd6-918c-7a3652e4d1c5,eonian.asia,available,1.98,18.98,medium,low,6,namecheap,,,
e8e6eb88-2e9d-4fe8-af86-4f97c9ea70c2,agapornis.asia,available,2.79,13.49,medium,low,9,namesilo,,,17/09/2026 16:13
acf0e700-0aec-4833-b210-c85c25f5d4df,dysgenic.asia,available,1.98,18.98,low,low,8,namecheap,,,11/08/2026 12:30
2f946f6a-87ed-440f-bbcc-21fe86aff271,aerogram.asia,available,2.79,13.49,medium,low,8,namesilo,,,17/09/2026 13:04
d588ddf2-6d25-4052-89f1-097edab87be4,aerobics.asia,available,2.79,13.49,high,low,8,namesilo,,,17/09/2026 12:56
7fc2f12a-c967-4de0-8126-9aca6093bae7,narrator.asia,available,2.79,13.49,high,low,8,namesilo,,,27/09/2026 04:49
017ab60e-c98e-42ea-9bda-531da4dd3041,pan.asia,resell,,,high,low,3,"Bizcn.com, Inc.",01/08/2008 05:02,01/08/2027 05:02,26/09/2026 08:00
01f4da21-4a22-4c79-a414-97395d4f3400,unvented.asia,available,1.98,18.98,low,low,8,namecheap,,,12/09/2026 22:11
7ecea0ce-abc6-4cca-9c7c-9cb3ac3693db,tiff.asia,available,1.98,18.98,high,low,4,namecheap,,,23/09/2026 13:14
d9dd54f0-c42d-4211-8a3a-10ed1fa44830,marquette.asia,available,2.79,13.49,high,low,9,namesilo,,,25/09/2026 07:53
ea346aa6-2d35-4597-a905-1e1ed4a9979d,careless.asia,available,1.98,18.98,high,low,8,namecheap,,,23/09/2026 12:52
4641d073-ea87-47c3-a606-31bed763074c,welshman.asia,available,1.98,18.98,medium,low,8,namecheap,,,13/09/2026 10:44
ccf1e313-25ff-469f-affb-df6bf1e37f86,queenlike.asia,available,1.98,18.98,medium,low,9,namecheap,,,09/09/2026 07:54
d206d10d-60c9-4514-8776-99627ebc7cb2,freshness.asia,available,2.79,13.49,high,low,9,namesilo,,,24/09/2026 14:06
30be7c49-56c2-4389-93b6-0e6cf4504770,hotly.asia,available,1.98,18.98,medium,low,5,namecheap,,,14/09/2026 23:58
39e45b94-53ce-4697-a590-5571772f0af2,engagement.asia,available,1.98,18.98,high,low,10,namecheap,,,25/09/2026 10:18
c7d7e193-4374-4532-aea7-f8e5a9ee8852,bellow.asia,available,1.98,18.98,medium,low,6,namecheap,,,23/09/2026 06:17
65915eb6-1960-4e8d-8e0a-b4e53a356aa2,laurels.asia,available,2.79,13.49,high,low,7,namesilo,,,16/09/2026 22:48
9993b9b3-09b6-4ed1-8560-e72669a640e8,squanderer.asia,available,1.98,18.98,medium,low,10,namecheap,,,09/09/2026 02:39
2ac6ce70-e9f3-4339-ab8e-e6c91fe2cdeb,neatly.asia,available,1.98,18.98,high,low,6,namecheap,,,15/09/2026 16:16
8f96e534-f754-4cbe-b6c9-ef701acf5b7f,copperhead.asia,available,1.98,18.98,medium,low,10,namecheap,,,17/09/2026 18:16
6d90d0af-c34c-463f-93dd-beaf265461c2,expressed.asia,available,1.98,18.98,high,low,9,namecheap,,,17/08/2026 18:26
db42fe2e-c4c3-4dc4-b336-81112f6809e3,agama.asia,available,2.79,13.49,medium,low,5,namesilo,,,17/09/2026 16:05
9fe61e94-126d-4721-94a7-b6d9085f7c26,plausibly.asia,available,1.98,18.98,high,low,9,namecheap,,,14/09/2026 09:28
bdbba1e6-66f2-4036-8069-f1cf83355bcd,stratified.asia,available,1.98,18.98,medium,low,10,namecheap,,,09/08/2026 06:36
d9212278-7306-47c0-907d-6f2d5602ebcc,involvement.asia,available,2.59,13.49,high,low,11,namesilo,,,
a2bd190b-c524-401b-9955-df7301517e13,evitable.asia,available,1.98,18.98,medium,low,8,namecheap,,,07/08/2026 22:45
53fb3d83-c33b-4a13-b0c3-2de469eafd5e,trenton.asia,available,2.79,13.49,high,low,7,namesilo,,,24/09/2026 12:19
d42b23b1-3430-4857-9419-51e46b6b4ab9,downwind.asia,available,1.98,18.98,medium,low,8,namecheap,,,14/08/2026 18:03
4b3b4944-4bc7-4d9b-ae26-b1438e958b99,harassed.asia,available,1.98,18.98,medium,low,8,namecheap,,,21/08/2026 00:06
352531ac-ae7f-4164-93aa-c6ff60edf69d,seething.asia,available,1.98,18.98,medium,low,8,namecheap,,,10/09/2026 01:49
53f0e871-8231-49e5-842b-924ec9bb613d,dick.asia,resell,,,high,low,4,"GoDaddy.com, LLC",25/06/2008 13:01,25/06/2028 13:01,26/09/2026 05:33
579f4756-6a66-43ed-8e17-b6bb0f6dd456,marital.asia,available,1.98,18.98,high,low,7,namecheap,,,24/08/2026 15:56
c3ce27ce-b178-4ec4-a539-2b04ccc73333,ninepenny.asia,available,1.98,18.98,medium,low,9,namecheap,,,03/09/2026 17:37
0f583a30-1044-4a59-a65a-04b2569d4c0f,organismic.asia,available,1.98,18.98,medium,low,10,namecheap,,,04/09/2026 17:49
df47d1f5-2ea6-4f64-8f34-3f4baca3d0df,plumbago.asia,available,2.79,13.49,medium,low,8,namesilo,,,24/09/2026 01:07
b71c877d-82ec-4c1a-b888-5f60dff29c48,against.asia,available,2.59,13.49,medium,low,7,namesilo,,,
62fb747b-b356-4d32-9df4-741b76f3aaa1,dickensian.asia,available,1.98,18.98,medium,low,10,namecheap,,,14/08/2026 06:25
61c33293-8658-4dd7-9127-b6010c2885d5,generated.asia,available,1.98,18.98,medium,low,9,namecheap,,,19/09/2026 12:09
59377ade-03e4-461a-bb91-1c335140fca9,despondent.asia,available,2.79,13.49,medium,low,10,namesilo,,,24/09/2026 06:51
b6c9b004-0760-44a4-b8ad-f6a717d2bfd6,antiquity.asia,available,2.79,13.49,medium,low,9,namesilo,,,19/09/2026 03:50
86b36beb-c01f-4242-8d3d-e8f158bab938,victories.asia,available,2.79,13.49,medium,low,9,namesilo,,,18/09/2026 09:23
025b3774-5c31-4e30-810b-56baeea15975,bris.asia,available,2.79,13.49,high,low,4,namesilo,,,23/09/2026 09:28
454e590e-fdb1-428c-931d-03b2eee15b42,obligatory.asia,available,1.98,18.98,medium,low,10,namecheap,,,03/09/2026 23:42
f68d842d-372f-4742-858f-a82ac95b0437,unrevealed.asia,available,1.98,18.98,medium,low,10,namecheap,,,12/09/2026 08:09
f3ddd97e-18ae-482f-97bc-b38832bab87d,queried.asia,available,2.79,13.49,medium,low,7,namesilo,,,20/09/2026 15:21
550811b6-0956-4984-bb29-6e919ab6ae14,discus.asia,available,1.98,18.98,high,low,6,namecheap,,,24/09/2026 22:35
4a703a25-0032-46a2-8e4f-47e181d76489,slovenly.asia,available,1.98,18.98,medium,low,8,namecheap,,,18/08/2026 16:55
62697ddf-a7cd-484b-8170-47a5f99f83d0,dewy.asia,available,1.98,18.98,medium,low,4,namecheap,,,09/08/2026 06:51
0942c45c-c969-4cf0-b9e5-4c8374eb315b,bathyal.asia,available,1.98,18.98,low,low,7,namecheap,,,09/08/2026 01:34
cc508b55-72aa-413b-b63d-9e0fba84a3cf,socialist.asia,available,1.98,18.98,high,low,9,namecheap,,,10/09/2026 13:19
3615d0af-cc53-4c84-ab9e-79864dcda324,aground.asia,available,1.98,18.98,medium,low,7,namecheap,,,
fbaca976-34ab-4f92-aa04-db612d7ee222,gregorio.asia,available,2.59,13.49,high,low,8,namesilo,,,
7d8979d5-1bb7-48c7-ac6b-b8bfaecea861,korzybski.asia,available,2.79,13.49,medium,low,9,namesilo,,,18/09/2026 06:31
64b2b043-c7be-463b-b1cb-38cd963facca,pixilated.asia,available,1.98,18.98,low,low,9,namecheap,,,09/08/2026 15:41
d551d525-f894-4e49-81f0-457dddc0e0bb,yearlong.asia,available,1.98,18.98,medium,low,8,namecheap,,,13/09/2026 14:24
cbe0ea97-0157-4440-ad13-fe9e5b848639,nonvisual.asia,available,1.98,18.98,low,low,9,namecheap,,,03/09/2026 21:06
e3effb1d-1447-4e65-8a9f-11b42b5402af,synoptic.asia,available,1.98,18.98,high,low,8,namecheap,,,11/09/2026 06:33
588b575f-f91d-4b09-a383-bb2d572cace1,geniculate.asia,available,1.98,18.98,medium,low,10,namecheap,,,18/08/2026 21:38
08c43e85-f0f5-4327-8254-6ac43ffaf47d,alewife.asia,available,2.79,13.49,medium,low,7,namesilo,,,18/09/2026 05:44
781c033b-3a41-4aad-aa2b-df70dda284a4,bodies.asia,available,2.79,13.49,medium,low,6,namesilo,,,25/09/2026 16:46
f53d586d-4102-442b-bc6e-fb1696fc19f6,subsets.asia,available,2.79,13.49,medium,low,7,namesilo,,,21/09/2026 01:05
07a26906-2516-4680-ab12-7c0dc580eb02,trent.asia,available,2.79,13.49,high,low,5,namesilo,,,25/09/2026 10:26
552fe39c-7ad3-493d-bfa3-ff8dc2843507,actresses.asia,available,2.79,13.49,medium,low,9,namesilo,,,20/09/2026 05:14
07562405-8ca4-4329-ae90-1e27963f9f73,trilateral.asia,available,1.98,18.98,medium,low,10,namecheap,,,11/09/2026 14:28
eaca957b-a58e-4108-9839-93dc1a8029fa,thump.asia,available,1.98,18.98,high,low,5,namecheap,,,11/09/2026 15:06
28051f1a-af0e-46bd-bd38-3ad857c30c5e,arbiter.asia,available,1.98,18.98,high,low,7,namecheap,,,20/09/2026 00:41
d2c40eab-9c43-4b25-a557-e2e1624b54c6,downsizing.asia,available,2.79,13.49,medium,low,10,namesilo,,,24/09/2026 23:41
e9031247-03d1-4853-92d3-eadd42a27a71,primitive.asia,available,2.19,13.49,high,low,9,namesilo,,,
a2e52306-75a8-4878-ae5d-adfb529f3f98,auxin.asia,available,2.79,13.49,medium,low,5,namesilo,,,21/09/2026 08:33
1ea2b216-1aa8-4503-ba49-cd7a906321c3,aggressor.asia,available,1.98,18.98,medium,low,9,namecheap,,,17/09/2026 17:41
ffb3a726-574e-4814-9284-2accbb484d6b,gayly.asia,available,1.98,18.98,medium,low,5,namecheap,,,14/09/2026 00:29
8597cb56-8a49-4aa7-97a7-655bd7ad2522,brie.asia,available,2.99,,high,low,4,name.com,,,